Workbook

Sheet README
A1: NorthBridge Health Services Ltd | B1: Customer Service Ticket & SLA Optimisation System - Dataset
A3: Sheet | B3: Row Count
A4: PriorityLevels | B4: 4
A5: TicketCategories | B5: 5
A6: SLADefinitions | B6: 12
A7: Agents | B7: 120
A8: Clients | B8: 80
A9: Tickets | B9: 3500
A10: TicketAuditLog | B10: 17751
A11: EscalationLog | B11: 464
A13: Date Range (Tickets) | B13: 1 Jan 2023 – 31 Mar 2025
A14: Ticket Categories | B14: Appointment Change · Billing Issue · Insurance Query · Complaint · Document Request
A15: SLA Breach Rate (approx) | B15: 21.5%
A16: Escalation Records | B16: 464
A17: Audit Log Entries | B17: 17751

Sheet PriorityLevels
A1: PriorityID | B1: PriorityLabel | C1: Description
A2: 1 | B2: P1 Critical | C2: Immediate risk to patient safety, legal/regulatory breach, or complete service outage. Assign within 15 minutes.
A3: 2 | B3: P2 High | C3: Significant financial impact, complaint from client executive, or billing error >£500. Assign within 1 hour.
A4: 3 | B4: P3 Standard | C4: Routine service request with defined SLA. Standard queue. Most tickets fall here.
A5: 4 | B5: P4 Low | C5: Informational queries, minor updates, or requests with flexible timelines.

Sheet TicketCategories
A1: CategoryID | B1: CategoryName | C1: DefaultPriorityID | D1: RequiresSpecialist | E1: Description
A2: 1 | B2: Appointment Change | C2: 3 | D2: 0 | E2: Request to reschedule, cancel, or add a patient appointment. Includes urgent and routine bookings.
A3: 2 | B3: Billing Issue | C3: 2 | D3: 1 | E3: Disputes, queries, or corrections relating to invoices, charges, or payment records.
A4: 3 | B4: Insurance Query | C4: 2 | D4: 1 | E4: Queries about pre-authorisation, claim status, policy coverage, or insurer correspondence.
A5: 4 | B5: Complaint | C5: 2 | D5: 0 | E5: Formal or informal patient or client complaint requiring logging, investigation, and response.
A6: 5 | B6: Document Request | C6: 3 | D6: 0 | E6: Requests for medical records, letters, referrals, certificates, or administrative documents.

Sheet SLADefinitions
A1: SLAID | B1: ContractTier | C1: PriorityID | D1: FirstResponseHours | E1: ResolutionHours | F1: EscalationTriggerHours | G1: EffectiveFrom
A2: 1 | B2: Standard | C2: 1 | D2: 2 | E2: 8 | F2: 6 | G2: 2023-01-01
A3: 2 | B3: Standard | C3: 2 | D3: 4 | E3: 24 | F3: 20 | G3: 2023-01-01
A4: 3 | B4: Standard | C4: 3 | D4: 8 | E4: 72 | F4: 60 | G4: 2023-01-01
A5: 4 | B5: Standard | C5: 4 | D5: 24 | E5: 120 | F5: 100 | G5: 2023-01-01
A6: 5 | B6: Premium | C6: 1 | D6: 1 | E6: 4 | F6: 3 | G6: 2023-01-01
A7: 6 | B7: Premium | C7: 2 | D7: 2 | E7: 12 | F7: 10 | G7: 2023-01-01
A8: 7 | B8: Premium | C8: 3 | D8: 4 | E8: 48 | F8: 40 | G8: 2023-01-01
A9: 8 | B9: Premium | C9: 4 | D9: 12 | E9: 96 | F9: 80 | G9: 2023-01-01
A10: 9 | B10: Enterprise | C10: 1 | D10: 0.5 | E10: 2 | F10: 1.5 | G10: 2023-01-01
A11: 10 | B11: Enterprise | C11: 2 | D11: 1 | E11: 8 | F11: 6 | G11: 2023-01-01
A12: 11 | B12: Enterprise | C12: 3 | D12: 2 | E12: 24 | F12: 20 | G12: 2023-01-01
A13: 12 | B13: Enterprise | C13: 4 | D13: 8 | E13: 72 | F13: 60 | G13: 2023-01-01

Sheet Agents
A1: AgentID | B1: FullName | C1: TeamID | D1: Role | E1: Specialisms | F1: Hub | G1: DailyCapacity | H1: IsActive
A2: 1 | B2: Parveen Szymański | C2: 1 | D2: Senior Agent | E2: Document Request,Insurance Query,Appointment Change | F2: Manchester | G2: 16 | H2: 1
A3: 2 | B3: Kirsty Morrison | C3: 1 | D3: Team Lead | E3: Document Request,Insurance Query,Complaint | F3: Manchester | G3: 11 | H3: 1
A4: 3 | B4: Alexander Johnson | C4: 1 | D4: Senior Agent | E4: Appointment Change,Billing Issue | F4: Manchester | G4: 19 | H4: 1
A5: 4 | B5: Eleanor Patel | C5: 1 | D5: Agent | E5: Insurance Query,Complaint | F5: Manchester | G5: 19 | H5: 1
A6: 5 | B6: Aisha Szymański | C6: 1 | D6: Agent | E6: Insurance Query,Appointment Change,Document Request | F6: Manchester | G6: 21 | H6: 1
A7: 6 | B7: Morag Iqbal | C7: 1 | D7: Agent | E7: Complaint,Insurance Query | F7: Manchester | G7: 20 | H7: 1
A8: 7 | B8: Charlotte Okafor | C8: 1 | D8: Agent | E8: Appointment Change | F8: Manchester | G8: 18 | H8: 1
A9: 8 | B9: Niamh Nguyen | C9: 1 | D9: Agent | E9: Insurance Query,Billing Issue,Document Request | F9: Manchester | G9: 21 | H9: 1
A10: 9 | B10: Liam Szymański | C10: 1 | D10: Senior Agent | E10: Billing Issue,Insurance Query,Appointment Change | F10: Manchester | G10: 19 | H10: 1
A11: 10 | B11: Eleanor Iqbal | C11: 1 | D11: Agent | E11: Document Request,Complaint | F11: Manchester | G11: 27 | H11: 1
A12: 11 | B12: Amelia Clarke | C12: 1 | D12: Agent | E12: Complaint,Appointment Change,Document Request | F12: Manchester | G12: 20 | H12: 1
A13: 12 | B13: Chloe Fraser | C13: 1 | D13: Agent | E13: Document Request,Appointment Change | F13: Manchester | G13: 28 | H13: 1
... A121: 120 | B121: Emily Zieliński | C121: 8 | D121: Agent | E121: Complaint | F121: Edinburgh | G121: 23 | H121: 1

Sheet Clients
A1: ClientID | B1: ClientName | C1: ClientType | D1: ContractTier | E1: AccountManagerID | F1: Region | G1: ContractStartDate | H1: ContractEndDate | I1: SLACreditClause | J1: IsActive
A2: 1 | B2: Ashworth Medical Centre | C2: Private Hospital | D2: Premium | E2: 41 | F2: South East | G2: 2010-05-01 | H2: 2013-10-19 | I2: 0 | J2: 1
A3: 2 | B3: Unity Health Clinic | C3: Dental Group | D3: Enterprise | E3: 92 | F3: Midlands | G3: 2016-03-01 | H3: 2018-04-16 | I3: 0 | J3: 1
A4: 3 | B4: Junction Health Clinic | C4: Private Hospital | D4: Premium | E4: 76 | F4: Midlands | G4: 2014-08-01 | H4: 2017-03-27 | I4: 1 | J4: 1
A5: 4 | B5: Arcadia Health Group | C5: Mental Health Clinic | D5: Enterprise | E5: 59 | F5: Yorkshire | G5: 2023-11-01 | H5: 2028-08-12 | I5: 1 | J5: 1
A6: 5 | B6: Parkside Specialist Clinic | C6: Private Hospital | D6: Standard | E6: 102 | F6: Scotland | G6: 2014-09-01 | H6: 2016-05-11 | I6: 0 | J6: 1
A7: 6 | B7: Vanguard Specialist Services | C7: GP Practice | D7: Premium | E7: 61 | F7: North East | G7: 2023-11-01 | H7: 2026-11-30 | I7: 0 | J7: 0
A8: 7 | B8: Elmwood GP Practice | C8: Physiotherapy Centre | D8: Enterprise | E8: 60 | F8: North East | G8: 2019-04-01 | H8: 2023-11-17 | I8: 0 | J8: 1
A9: 8 | B9: Edgehill Private Hospital | C9: Private Hospital | D9: Standard | E9: 102 | F9: Scotland | G9: 2012-01-01 | H9: 2013-03-17 | I9: 0 | J9: 1
A10: 9 | B10: Queensbury GP Practice | C10: Specialist Clinic | D10: Standard | E10: 59 | F10: North East | G10: 2016-08-01 | H10: 2019-08-30 | I10: 0 | J10: 1
A11: 10 | B11: Vale Dental Practice | C11: Specialist Clinic | D11: Enterprise | E11: 119 | F11: Scotland | G11: 2021-12-01 | H11: 2023-10-13 | I11: 1 | J11: 1
A12: 11 | B12: Northbrook Dental Group | C12: Mental Health Clinic | D12: Premium | E12: 72 | F12: Midlands | G12: 2021-06-01 | H12: 2023-08-19 | I12: 1 | J12: 1
A13: 12 | B13: Zenith Private Hospital | C13: GP Practice | D13: Standard | E13: 32 | F13: South East | G13: 2018-11-01 | H13: 2021-11-04 | I13: 0 | J13: 1
... A81: 80 | B81: District Health Clinic | C81: Physiotherapy Centre | D81: Standard | E81: 86 | F81: Midlands | G81: 2016-12-01 | H81: 2020-05-19 | I81: 0 | J81: 1

Sheet SLA_BREACH_ANALYSIS
A1: TicketID | B1: TicketReference | C1: ClientID | D1: PatientRef | E1: CategoryID | F1: PriorityID | G1: Status | H1: AssignedAgentID | I1: CreatedAt | J1: FirstResponseAt | K1: ResolvedAt | L1: SLADueAt | M1: SLABreached | N1: Channel | O1: Description | P1: ResolutionNotes | Q1: Index | R1: SLABREACHCHECK
A2: 1 | B2: NB-2024-00001 | C2: 70 | D2: PT-81496 | E2: 5 | F2: 3 | G2: Closed | H2: 111 | I2: 45497.987 | J2: 45498.102 | K2: 45500.441 | L2: 45500.987 | M2: 0 | N2: Phone | O2: Request for discharge summary for patient PT-81496. | P2: Insurance medical report completed and submitted to insurer within agreed timeframe. | Q2: 0 | R2: OK
A3: 2 | B3: NB-2024-00002 | C3: 51 | D3: PT-99051 | E3: 2 | F3: 1 | G3: Closed | H3: 32 | I3: 45602.99 | J3: 45603.048 | K3: 45603.197 | L3: 45603.323 | M3: 0 | N3: Portal | O3: Query regarding invoice 28714 dated 09 Oct 2024. Client reports disputed amount of £192. | P3: Charge dispute investigated. Original amount validated as correct; breakdown sent to client. | Q3: 1 | R3: OK
A4: 3 | B4: NB-2024-00003 | C4: 53 | D4: PT-24869 | E4: 3 | F4: 3 | G4: Closed | H4: 57 | I4: 45505.235 | J4: 45505.415 | K4: 45506.608 | L4: 45508.235 | M4: 0 | N4: Portal | O4: Pre-authorisation request for outpatient consultation. Patient PT-24869. Insurer: Vitality. | P4: Pre-auth declined by insurer. Patient advised of self-pay options and appeal pathway. | Q4: 2 | R4: OK
A5: 4 | B5: NB-2024-00004 | C5: 11 | D5: PT-55537 | E5: 1 | F5: 2 | G5: Closed | H5: 22 | I5: 45629.557 | J5: 45629.616 | K5: 45630.314 | L5: 45630.057 | M5: 1 | N5: Form | O5: Patient PT-55537 requesting addition of appointment originally booked for 05 Dec 2024. | P5: Cancellation processed. New appointment booked for following week per patient request. | Q5: 3 | R5: OK
A6: 5 | B6: NB-2023-00005 | C6: 70 | D6: PT-50539 | E6: 3 | F6: 2 | G6: Resolved | H6: 52 | I6: 44968.164 | J6: 44968.269 | K6: 44968.518 | L6: 44969.164 | M6: 0 | N6: Phone | O6: Pre-authorisation request for surgical procedure. Patient PT-50539. Insurer: WPA. | P6: Pre-authorisation confirmed with insurer. Reference number provided to client. | Q6: 4 | R6: OK
A7: 6 | B7: NB-2023-00006 | C7: 79 | D7: PT-31581 | E7: 3 | F7: 3 | G7: Closed | H7: 104 | I7: 45210.003 | J7: 45210.186 | K7: 45210.796 | L7: 45212.003 | M7: 0 | N7: Form | O7: Pre-authorisation request for physiotherapy course. Patient PT-31581. Insurer: Bupa. | P7: Policy coverage query resolved. Benefit schedule sent to patient for reference. | Q7: 5 | R7: OK
A8: 7 | B8: NB-2023-00007 | C8: 23 | D8: PT-20646 | E8: 1 | F8: 3 | G8: Closed | H8: 107 | I8: 45193.284 | J8: 45193.426 | K8: 45194.972 | L8: 45195.284 | M8: 0 | N8: Phone | O8: Patient PT-20646 requesting reschedule of appointment originally booked for 05 Oct 2023. | P8: Recurring appointment series updated following consultant schedule change. | Q8: 6 | R8: OK
A9: 8 | B9: NB-2024-00008 | C9: 57 | D9: PT-50970 | E9: 2 | F9: 3 | G9: Resolved | H9: 57 | I9: 45389.381 | J9: 45389.479 | K9: 45390.745 | L9: 45391.381 | M9: 0 | N9: Email | O9: Query regarding invoice 55268 dated 25 Mar 2024. Client reports duplicate payment of £3165. | P9: Charge dispute investigated. Original amount validated as correct; breakdown sent to client. | Q9: 7 | R9: OK
A10: 9 | B10: NB-2024-00009 | C10: 8 | D10: PT-50988 | E10: 2 | F10: 2 | G10: Closed | H10: 46 | I10: 45378.162 | J10: 45378.599 | K10: 45380.565 | L10: 45379.162 | M10: 1 | N10: Portal | O10: Query regarding invoice 30885 dated 11 Mar 2024. Client reports disputed amount of £2092. | P10: Late payment fee waived as a goodwill gesture following system error. Account adjusted. | Q10: 8 | R10: OK
A11: 10 | B11: NB-2024-00010 | C11: 8 | D11: PT-27555 | E11: 1 | F11: 3 | G11: Closed | H11: 87 | I11: 45364.405 | J11: 45364.562 | K11: 45365.508 | L11: 45367.405 | M11: 0 | N11: Phone | O11: Patient PT-27555 requesting cancellation of appointment originally booked for 25 Mar 2024. | P11: Cancellation processed. New appointment booked for following week per patient request. | Q11: 9 | R11: OK
A12: 11 | B12: NB-2024-00011 | C12: 79 | D12: PT-57920 | E12: 1 | F12: 3 | G12: Resolved | H12: 104 | I12: 45361.864 | J12: 45362.149 | K12: 45362.891 | L12: 45363.864 | M12: 0 | N12: Portal | O12: Patient PT-57920 requesting reschedule of appointment originally booked for 14 Mar 2024. | P12: Urgent appointment arranged within 24 hours following GP referral. Patient notified. | Q12: 10 | R12: OK
A13: 12 | B13: NB-2023-00012 | C13: 72 | D13: PT-76494 | E13: 2 | F13: 3 | G13: Resolved | H13: 38 | I13: 45144.475 | J13: 45144.587 | K13: 45148.297 | L13: 45146.475 | M13: 1 | N13: Form | O13: Query regarding invoice 74205 dated 14 Jul 2023. Client reports missing credit of £1995. | P13: Late payment fee waived as a goodwill gesture following system error. Account adjusted. | Q13: 11 | R13: OK
... A18: 17 | B18: NB-2023-00017 | C18: 41 | D18: PT-32946 | E18: 3 | F18: 2 | G18: Closed | H18: 104 | I18: 45019.239 | J18: 45019.3 | K18: 45020.426 | L18: 45019.739 | M18: 1 | N18: Email | O18: Pre-authorisation request for surgical procedure. Patient PT-32946. Insurer: Aviva. | P18: Pre-authorisation confirmed with insurer. Reference number provided to client. | Q18: 16 | R18: OK
A19: 18 | B19: NB-2025-00018 | C19: 64 | D19: PT-76088 | E19: 5 | F19: 3 | G19: Open | H19: 75 | I19: 45741.833 | L19: 45743.833 | M19: 0 | N19: Form | O19: Request for discharge summary for patient PT-76088. | Q19: 17 | R19: OPEN_TICKET
A20: 19 | B20: NB-2023-00019 | C20: 43 | D20: PT-22502 | E20: 1 | F20: 3 | G20: Closed | H20: 22 | I20: 45227.399 | J20: 45227.492 | K20: 45228.503 | L20: 45229.399 | M20: 0 | N20: Phone | O20: Patient PT-22502 requesting reschedule of appointment originally booked for 31 Oct 2023. | P20: Urgent appointment arranged within 24 hours following GP referral. Patient notified. | Q20: 18 | R20: OK
A21: 20 | B21: NB-2023-00020 | C21: 34 | D21: PT-50760 | E21: 1 | F21: 3 | G21: Resolved | H21: 107 | I21: 45023.84 | J21: 45024.04 | K21: 45030.05 | L21: 45026.84 | M21: 1 | N21: Email | O21: Patient PT-50760 requesting addition of appointment originally booked for 09 Apr 2023. | P21: Cancellation processed. New appointment booked for following week per patient request. | Q21: 19 | R21: OK
A22: 21 | B22: NB-2023-00021 | C22: 66 | D22: PT-20237 | E22: 2 | F22: 3 | G22: Closed | H22: 107 | I22: 45266.624 | J22: 45266.815 | K22: 45268.11 | L22: 45268.624 | M22: 0 | N22: Email | O22: Query regarding invoice 18094 dated 09 Nov 2023. Client reports duplicate payment of £2395. | P22: Charge dispute investigated. Original amount validated as correct; breakdown sent to client. | Q22: 20 | R22: OK
A23: 22 | B23: NB-2024-00022 | C23: 72 | D23: PT-50392 | E23: 3 | F23: 3 | G23: Resolved | H23: 116 | I23: 45619.366 | J23: 45619.473 | K23: 45620.814 | L23: 45621.366 | M23: 0 | N23: Email | O23: Pre-authorisation request for diagnostic imaging. Patient PT-50392. Insurer: WPA. | P23: Policy coverage query resolved. Benefit schedule sent to patient for reference. | Q23: 21 | R23: OK
A24: 23 | B24: NB-2025-00023 | C24: 10 | D24: PT-59081 | E24: 2 | F24: 1 | G24: Resolved | H24: 9 | I24: 45660.67 | J24: 45660.684 | K24: 45660.746 | L24: 45660.753 | M24: 0 | N24: Email | O24: Query regarding invoice 59479 dated 21 Dec 2024. Client reports incorrect charge of £2846. | P24: Late payment fee waived as a goodwill gesture following system error. Account adjusted. | Q24: 22 | R24: OK
A25: 24 | B25: NB-2023-00024 | C25: 1 | D25: PT-30332 | E25: 1 | F25: 4 | G25: Closed | H25: 35 | I25: 44962.651 | J25: 44962.915 | K25: 44965.012 | L25: 44966.651 | M25: 0 | N25: Phone | O25: Patient PT-30332 requesting cancellation of appointment originally booked for 09 Feb 2023. | P25: Recurring appointment series updated following consultant schedule change. | Q25: 23 | R25: OK
A26: 25 | B26: NB-2024-00025 | C26: 8 | D26: PT-47914 | E26: 2 | F26: 3 | G26: Closed | H26: 105 | I26: 45307.515 | J26: 45307.765 | K26: 45308.679 | L26: 45310.515 | M26: 0 | N26: Email | O26: Query regarding invoice 85511 dated 05 Jan 2024. Client reports missing credit of £1020. | P26: Billing query resolved following confirmation from insurer. Payment processing initiated. | Q26: 24 | R26: OK
A27: 26 | B27: NB-2023-00026 | C27: 70 | D27: PT-59343 | E27: 3 | F27: 3 | G27: Closed | H27: 50 | I27: 45000.165 | J27: 45000.328 | K27: 45001.347 | L27: 45003.165 | M27: 0 | N27: Form | O27: Pre-authorisation request for physiotherapy course. Patient PT-59343. Insurer: Cigna. | P27: Pre-auth declined by insurer. Patient advised of self-pay options and appeal pathway. | Q27: 25 | R27: OK
A28: 27 | B28: NB-2024-00027 | C28: 35 | D28: PT-16755 | E28: 2 | F28: 2 | G28: Resolved | H28: 27 | I28: 45323.455 | J28: 45323.542 | K28: 45324.278 | L28: 45324.455 | M28: 0 | N28: Email | O28: Query regarding invoice 98299 dated 12 Jan 2024. Client reports incorrect charge of £348. | P28: Billing query resolved following confirmation from insurer. Payment processing initiated. | Q28: 26 | R28: OK
A29: 28 | B29: NB-2025-00028 | C29: 19 | D29: PT-71112 | E29: 1 | F29: 2 | G29: Closed | H29: 28 | I29: 45671.31 | J29: 45671.348 | K29: 45671.55 | L29: 45671.81 | M29: 0 | N29: Portal | O29: Patient PT-71112 requesting addition of appointment originally booked for 25 Jan 2025. | P29: Appointment moved from afternoon to morning slot. Patient and GP practice both confirmed. | Q29: 27 | R29: OK
A30: 29 | B30: NB-2023-00029 | C30: 32 | D30: PT-59786 | E30: 2 | F30: 3 | G30: Closed | H30: 8 | I30: 45154.016 | J30: 45154.199 | K30: 45155.54 | L30: 45157.016 | M30: 0 | N30: Email | O30: Query regarding invoice 42208 dated 31 Jul 2023. Client reports missing credit of £1104. | P30: Billing query resolved following confirmation from insurer. Payment processing initiated. | Q30: 28 | R30: OK
A31: 30 | B31: NB-2023-00030 | C31: 78 | D31: PT-92667 | E31: 3 | F31: 3 | G31: Closed | H31: 71 | I31: 45018.57 | J31: 45019.304 | K31: 45020.249 | L31: 45021.57 | M31: 0 | N31: Email | O31: Pre-authorisation request for surgical procedure. Patient PT-92667. Insurer: Vitality. | P31: Pre-auth declined by insurer. Patient advised of self-pay options and appeal pathway. | Q31: 29 | R31: OK
... A39: 38 | B39: NB-2024-00038 | C39: 48 | D39: PT-72784 | E39: 4 | F39: 2 | G39: Closed | H39: 109 | I39: 45596.272 | J39: 45596.352 | K39: 45597.01 | L39: 45597.272 | M39: 0 | N39: Portal | O39: Formal complaint submitted by GP practice regarding poor communication. Reference needed. | P39: Complaint resolved following discussion with client. Compensation of £452 agreed and authorised. | Q39: 37 | R39: OK
A40: 39 | B40: NB-2023-00039 | C40: 78 | D40: PT-48185 | E40: 1 | F40: 3 | G40: Escalated | H40: 108 | I40: 45206.84 | J40: 45207.128 | L40: 45209.84 | M40: 1 | N40: Portal | O40: Patient PT-48185 requesting addition of appointment originally booked for 09 Oct 2023. | Q40: 38 | R40: OPEN_TICKET
A41: 40 | B41: NB-2025-00040 | C41: 63 | D41: PT-57124 | E41: 2 | F41: 2 | G41: Closed | H41: 78 | I41: 45671.798 | J41: 45672.172 | K41: 45672.597 | L41: 45672.798 | M41: 0 | N41: Phone | O41: Query regarding invoice 80373 dated 25 Dec 2024. Client reports incorrect charge of £497. | P41: Late payment fee waived as a goodwill gesture following system error. Account adjusted. | Q41: 39 | R41: OK
A42: 41 | B42: NB-2023-00041 | C42: 61 | D42: PT-59036 | E42: 5 | F42: 3 | G42: Resolved | H42: 1 | I42: 45091.912 | J42: 45092.124 | K42: 45093.23 | L42: 45094.912 | M42: 0 | N42: Email | O42: Request for insurance medical report for patient PT-59036. | P42: Medical records compiled and securely transmitted to requesting party within 72 hours. | Q42: 40 | R42: OK
A43: 42 | B43: NB-2025-00042 | C43: 30 | D43: PT-69303 | E43: 1 | F43: 3 | G43: Open | H43: 79 | I43: 45736.857 | L43: 45738.857 | M43: 0 | N43: Email | O43: Patient PT-69303 requesting cancellation of appointment originally booked for 22 Mar 2025. | Q43: 41 | R43: OPEN_TICKET
A44: 43 | B44: NB-2024-00043 | C44: 24 | D44: PT-61849 | E44: 1 | F44: 2 | G44: Closed | H44: 96 | I44: 45441.508 | J44: 45441.564 | K44: 45441.865 | L44: 45442.008 | M44: 0 | N44: Phone | O44: Patient PT-61849 requesting reschedule of appointment originally booked for 10 Jun 2024. | P44: Cancellation processed. New appointment booked for following week per patient request. | Q44: 42 | R44: OK
A45: 44 | B45: NB-2023-00044 | C45: 10 | D45: PT-79168 | E45: 3 | F45: 3 | G45: Resolved | H45: 116 | I45: 45085.399 | J45: 45085.447 | K45: 45086.243 | L45: 45086.399 | M45: 0 | N45: Portal | O45: Pre-authorisation request for outpatient consultation. Patient PT-79168. Insurer: Vitality. | P45: Claim status updated to approved. Payment expected within 5–7 working days. | Q45: 43 | R45: OK
A46: 45 | B46: NB-2024-00045 | C46: 21 | D46: PT-85340 | E46: 5 | F46: 3 | G46: Resolved | H46: 13 | I46: 45413.85 | J46: 45413.915 | K46: 45415.201 | L46: 45415.85 | M46: 0 | N46: Email | O46: Request for GP referral letter for patient PT-85340. | P46: Fit-to-work certificate issued following confirmation from treating clinician. | Q46: 44 | R46: OK
A47: 46 | B47: NB-2023-00046 | C47: 69 | D47: PT-68176 | E47: 4 | F47: 4 | G47: Closed | H47: 34 | I47: 45139.432 | J47: 45140.029 | K47: 45142.242 | L47: 45144.432 | M47: 0 | N47: Portal | O47: Formal complaint submitted by patient regarding poor communication. Reference needed. | P47: Complaint closed following satisfactory resolution. Client confirmed acceptance of outcome. | Q47: 45 | R47: OK
A48: 47 | B48: NB-2025-00047 | C48: 70 | D48: PT-15453 | E48: 3 | F48: 3 | G48: In Progress | H48: 13 | I48: 45720.842 | J48: 45721.141 | L48: 45723.842 | M48: 0 | N48: Phone | O48: Pre-authorisation request for diagnostic imaging. Patient PT-15453. Insurer: Vitality. | Q48: 46 | R48: OPEN_TICKET
A49: 48 | B49: NB-2023-00048 | C49: 62 | D49: PT-66120 | E49: 1 | F49: 3 | G49: Resolved | H49: 116 | I49: 45109.686 | J49: 45109.745 | K49: 45111.621 | L49: 45110.686 | M49: 1 | N49: Portal | O49: Patient PT-66120 requesting reschedule of appointment originally booked for 12 Jul 2023. | P49: Recurring appointment series updated following consultant schedule change. | Q49: 47 | R49: OK
A50: 49 | B50: NB-2024-00049 | C50: 43 | D50: PT-46349 | E50: 1 | F50: 3 | G50: Closed | H50: 90 | I50: 45342.636 | J50: 45342.782 | K50: 45344.394 | L50: 45344.636 | M50: 0 | N50: Form | O50: Patient PT-46349 requesting addition of appointment originally booked for 23 Feb 2024. | P50: Recurring appointment series updated following consultant schedule change. | Q50: 48 | R50: OK
A51: 50 | B51: NB-2023-00050 | C51: 11 | D51: PT-10324 | E51: 3 | F51: 3 | G51: Resolved | H51: 54 | I51: 45071.951 | J51: 45072.228 | K51: 45075 | L51: 45073.951 | M51: 1 | N51: Phone | O51: Pre-authorisation request for specialist referral. Patient PT-10324. Insurer: Aviva. | P51: Insurer contacted; claim resubmitted with corrected diagnosis code. Outcome pending. | Q51: 49 | R51: OK
A52: 51 | B52: NB-2025-00051 | C52: 20 | D52: PT-26284 | E52: 4 | F52: 2 | G52: Closed | H52: 107 | I52: 45681.279 | J52: 45681.339 | K52: 45681.869 | L52: 45682.279 | M52: 0 | N52: Email | O52: Formal complaint submitted by clinic manager regarding billing error. Reference needed. | P52: Complaint acknowledged and logged under ref CMP-6905. Full investigation completed within SLA. Apology letter sent. | Q52: 50 | R52: OK
A53: 52 | B53: NB-2023-00052 | C53: 25 | D53: PT-37973 | E53: 1 | F53: 3 | G53: Closed | H53: 59 | I53: 45007.782 | J53: 45007.828 | K53: 45008.142 | L53: 45008.782 | M53: 0 | N53: Phone | O53: Patient PT-37973 requesting cancellation of appointment originally booked for 24 Mar 2023. | P53: Appointment moved from afternoon to morning slot. Patient and GP practice both confirmed. | Q53: 51 | R53: OK
A54: 53 | B54: NB-2023-00053 | C54: 14 | D54: PT-98753 | E54: 2 | F54: 2 | G54: Closed | H54: 19 | I54: 45086.448 | J54: 45086.576 | K54: 45086.832 | L54: 45087.448 | M54: 0 | N54: Email | O54: Query regarding invoice 79534 dated 21 May 2023. Client reports incorrect charge of £2549. | P54: Duplicate charge identified and reversed. Updated invoice sent to client for reconciliation. | Q54: 52 | R54: OK
A55: 54 | B55: NB-2023-00054 | C55: 15 | D55: PT-94491 | E55: 4 | F55: 1 | G55: Closed | H55: 105 | I55: 45144.836 | J55: 45144.847 | K55: 45144.874 | L55: 45144.919 | M55: 0 | N55: Email | O55: Formal complaint submitted by clinic manager regarding billing error. Reference needed. | P55: Complaint closed following satisfactory resolution. Client confirmed acceptance of outcome. | Q55: 53 | R55: OK
A56: 55 | B56: NB-2024-00055 | C56: 8 | D56: PT-57329 | E56: 3 | F56: 2 | G56: Resolved | H56: 63 | I56: 45299.136 | J56: 45299.194 | K56: 45300.204 | L56: 45300.136 | M56: 1 | N56: Phone | O56: Pre-authorisation request for specialist referral. Patient PT-57329. Insurer: Cigna. | P56: Pre-authorisation confirmed with insurer. Reference number provided to client. | Q56: 54 | R56: OK
A57: 56 | B57: NB-2024-00056 | C57: 9 | D57: PT-80471 | E57: 1 | F57: 3 | G57: Closed | H57: 90 | I57: 45545.566 | J57: 45545.751 | K57: 45547.676 | L57: 45548.566 | M57: 0 | N57: Email | O57: Patient PT-80471 requesting addition of appointment originally booked for 13 Sep 2024. | P57: Appointment moved from afternoon to morning slot. Patient and GP practice both confirmed. | Q57: 55 | R57: OK
A58: 57 | B58: NB-2023-00057 | C58: 34 | D58: PT-33022 | E58: 1 | F58: 3 | G58: Closed | H58: 28 | I58: 45017.287 | J58: 45017.508 | K58: 45019.588 | L58: 45020.287 | M58: 0 | N58: Email | O58: Patient PT-33022 requesting reschedule of appointment originally booked for 02 Apr 2023. | P58: Cancellation processed. New appointment booked for following week per patient request. | Q58: 56 | R58: OK
A59: 58 | B59: NB-2024-00058 | C59: 60 | D59: PT-75484 | E59: 3 | F59: 1 | G59: Closed | H59: 71 | I59: 45349.84 | J59: 45349.855 | K59: 45349.928 | L59: 45350.007 | M59: 0 | N59: Email | O59: Pre-authorisation request for outpatient consultation. Patient PT-75484. Insurer: WPA. | P59: Pre-auth declined by insurer. Patient advised of self-pay options and appeal pathway. | Q59: 57 | R59: OK
A60: 59 | B60: NB-2025-00059 | C60: 7 | D60: PT-95944 | E60: 4 | F60: 1 | G60: Resolved | H60: 60 | I60: 45660.194 | J60: 45660.247 | K60: 45660.267 | L60: 45660.277 | M60: 0 | N60: Phone | O60: Formal complaint submitted by patient regarding data handling concern. Reference needed. | P60: Complaint acknowledged and logged under ref CMP-1862. Full investigation completed within SLA. Apology letter sent. | Q60: 58 | R60: OK
... A91: 90 | B91: NB-2024-00090 | C91: 73 | D91: PT-24943 | E91: 1 | F91: 3 | G91: Resolved | H91: 104 | I91: 45346.728 | J91: 45347.124 | K91: 45347.851 | L91: 45349.728 | M91: 0 | N91: Phone | O91: Patient PT-24943 requesting reschedule of appointment originally booked for 03 Mar 2024. | P91: Appointment moved from afternoon to morning slot. Patient and GP practice both confirmed. | Q91: 89 | R91: OK
A92: 91 | B92: NB-2025-00091 | C92: 30 | D92: PT-74763 | E92: 1 | F92: 3 | G92: Pending Client | H92: 43 | I92: 45674.019 | J92: 45674.079 | L92: 45676.019 | M92: 0 | N92: Email | O92: Patient PT-74763 requesting reschedule of appointment originally booked for 19 Jan 2025. | Q92: 90 | R92: OPEN_TICKET
A93: 92 | B93: NB-2024-00092 | C93: 7 | D93: PT-28139 | E93: 1 | F93: 3 | G93: Resolved | H93: 47 | I93: 45378.713 | J93: 45378.743 | K93: 45379.042 | L93: 45379.713 | M93: 0 | N93: Portal | O93: Patient PT-28139 requesting addition of appointment originally booked for 07 Apr 2024. | P93: Cancellation processed. New appointment booked for following week per patient request. | Q93: 91 | R93: OK
A94: 93 | B94: NB-2025-00093 | C94: 55 | D94: PT-30892 | E94: 2 | F94: 3 | G94: Closed | H94: 114 | I94: 45670.26 | J94: 45670.324 | K94: 45672.097 | L94: 45672.26 | M94: 0 | N94: Phone | O94: Query regarding invoice 87430 dated 28 Dec 2024. Client reports disputed amount of £792. | P94: Duplicate charge identified and reversed. Updated invoice sent to client for reconciliation. | Q94: 92 | R94: OK
A95: 94 | B95: NB-2023-00094 | C95: 7 | D95: PT-84057 | E95: 1 | F95: 3 | G95: Pending Client | H95: 32 | I95: 45025.722 | J95: 45025.884 | L95: 45026.722 | M95: 0 | N95: Portal | O95: Patient PT-84057 requesting reschedule of appointment originally booked for 20 Apr 2023. | Q95: 93 | R95: OPEN_TICKET
A96: 95 | B96: NB-2023-00095 | C96: 8 | D96: PT-52026 | E96: 4 | F96: 2 | G96: Closed | H96: 94 | I96: 44945.423 | J96: 44945.522 | K96: 44946.196 | L96: 44946.423 | M96: 0 | N96: Form | O96: Formal complaint submitted by GP practice regarding delayed response. Reference needed. | P96: Patient complaint escalated to Operations Manager. Resolution meeting held; outcome agreed with client. | Q96: 94 | R96: OK
A97: 96 | B97: NB-2023-00096 | C97: 46 | D97: PT-21913 | E97: 1 | F97: 3 | G97: Pending Client | H97: 87 | I97: 45111.738 | J97: 45111.791 | L97: 45113.738 | M97: 0 | N97: Portal | O97: Patient PT-21913 requesting addition of appointment originally booked for 14 Jul 2023. | Q97: 95 | R97: OPEN_TICKET
A98: 97 | B98: NB-2024-00097 | C98: 66 | D98: PT-48270 | E98: 4 | F98: 2 | G98: Resolved | H98: 100 | I98: 45491.692 | J98: 45491.717 | K98: 45492.041 | L98: 45492.192 | M98: 0 | N98: Phone | O98: Formal complaint submitted by GP practice regarding appointment handling. Reference needed. | P98: Complaint resolved following discussion with client. Compensation of £675 agreed and authorised. | Q98: 96 | R98: OK
A99: 98 | B99: NB-2023-00098 | C99: 56 | D99: PT-98098 | E99: 1 | F99: 4 | G99: Resolved | H99: 78 | I99: 45262.24 | J99: 45262.617 | K99: 45265.035 | L99: 45266.24 | M99: 0 | N99: Portal | O99: Patient PT-98098 requesting addition of appointment originally booked for 04 Dec 2023. | P99: Recurring appointment series updated following consultant schedule change. | Q99: 97 | R99: OK
A100: 99 | B100: NB-2023-00099 | C100: 26 | D100: PT-42537 | E100: 3 | F100: 4 | G100: Closed | H100: 9 | I100: 45126.767 | J100: 45128.674 | K100: 45131.353 | L100: 45131.767 | M100: 0 | N100: Phone | O100: Pre-authorisation request for diagnostic imaging. Patient PT-42537. Insurer: Bupa. | P100: Pre-auth declined by insurer. Patient advised of self-pay options and appeal pathway. | Q100: 98 | R100: OK
A101: 100 | B101: NB-2023-00100 | C101: 79 | D101: PT-33306 | E101: 4 | F101: 3 | G101: Closed | H101: 34 | I101: 45264.963 | J101: 45265.105 | K101: 45266.458 | L101: 45266.963 | M101: 0 | N101: Email | O101: Formal complaint submitted by family member regarding data handling concern. Reference needed. | P101: Patient complaint escalated to Operations Manager. Resolution meeting held; outcome agreed with client. | Q101: 99 | R101: OK
A102: 101 | B102: NB-2025-00101 | C102: 2 | D102: PT-36201 | E102: 1 | F102: 3 | G102: Open | H102: 12 | I102: 45739.366 | L102: 45740.366 | M102: 0 | N102: Email | O102: Patient PT-36201 requesting cancellation of appointment originally booked for 05 Apr 2025. | Q102: 100 | R102: OPEN_TICKET
A103: 102 | B103: NB-2023-00102 | C103: 16 | D103: PT-16157 | E103: 1 | F103: 3 | G103: Resolved | H103: 112 | I103: 45275.783 | J103: 45275.912 | K103: 45277.256 | L103: 45277.783 | M103: 0 | N103: Portal | O103: Patient PT-16157 requesting cancellation of appointment originally booked for 22 Dec 2023. | P103: Appointment moved from afternoon to morning slot. Patient and GP practice both confirmed. | Q103: 101 | R103: OK
A104: 103 | B104: NB-2023-00103 | C104: 29 | D104: PT-15326 | E104: 3 | F104: 3 | G104: Closed | H104: 40 | I104: 45227.922 | J104: 45228.214 | K104: 45229.047 | L104: 45230.922 | M104: 0 | N104: Phone | O104: Pre-authorisation request for specialist referral. Patient PT-15326. Insurer: Vitality. | P104: Claim status updated to approved. Payment expected within 5–7 working days. | Q104: 102 | R104: OK
A105: 104 | B105: NB-2025-00104 | C105: 44 | D105: PT-18936 | E105: 5 | F105: 3 | G105: Resolved | H105: 108 | I105: 45689.377 | J105: 45689.541 | K105: 45690.625 | L105: 45692.377 | M105: 0 | N105: Phone | O105: Request for fit-to-work certificate for patient PT-18936. | P105: Fit-to-work certificate issued following confirmation from treating clinician. | Q105: 103 | R105: OK
A106: 105 | B106: NB-2023-00105 | C106: 66 | D106: PT-99463 | E106: 5 | F106: 3 | G106: Closed | H106: 13 | I106: 44941.009 | J106: 44941.36 | K106: 44942.817 | L106: 44943.009 | M106: 0 | N106: Portal | O106: Request for clinical summary for patient PT-99463. | P106: Insurance medical report completed and submitted to insurer within agreed timeframe. | Q106: 104 | R106: OK
A107: 106 | B107: NB-2025-00106 | C107: 47 | D107: PT-80513 | E107: 1 | F107: 3 | G107: Open | H107: 11 | I107: 45725.64 | L107: 45728.64 | M107: 0 | N107: Form | O107: Patient PT-80513 requesting addition of appointment originally booked for 10 Mar 2025. | Q107: 105 | R107: OPEN_TICKET
A108: 107 | B108: NB-2023-00107 | C108: 61 | D108: PT-33329 | E108: 2 | F108: 3 | G108: Escalated | H108: 105 | I108: 45039.368 | J108: 45039.476 | L108: 45042.368 | M108: 1 | N108: Portal | O108: Query regarding invoice 19232 dated 04 Apr 2023. Client reports duplicate payment of £1109. | Q108: 106 | R108: OPEN_TICKET
A109: 108 | B109: NB-2023-00108 | C109: 19 | D109: PT-75907 | E109: 1 | F109: 3 | G109: Resolved | H109: 106 | I109: 44936.497 | J109: 44936.551 | K109: 44939.634 | L109: 44938.497 | M109: 1 | N109: Portal | O109: Patient PT-75907 requesting reschedule of appointment originally booked for 15 Jan 2023. | P109: Cancellation processed. New appointment booked for following week per patient request. | Q109: 107 | R109: OK
A110: 109 | B110: NB-2024-00109 | C110: 78 | D110: PT-11461 | E110: 1 | F110: 3 | G110: Closed | H110: 105 | I110: 45385.566 | J110: 45386.376 | K110: 45387.172 | L110: 45388.566 | M110: 0 | N110: Email | O110: Patient PT-11461 requesting addition of appointment originally booked for 17 Apr 2024. | P110: Appointment rescheduled to patient's preferred date. Confirmation sent via email and SMS. | Q110: 108 | R110: OK
A111: 110 | B111: NB-2023-00110 | C111: 50 | D111: PT-25023 | E111: 3 | F111: 4 | G111: Closed | H111: 55 | I111: 45256.255 | J111: 45256.665 | K111: 45258.551 | L111: 45261.255 | M111: 0 | N111: Form | O111: Pre-authorisation request for specialist referral. Patient PT-25023. Insurer: Aviva. | P111: Pre-authorisation confirmed with insurer. Reference number provided to client. | Q111: 109 | R111: OK
A112: 111 | B112: NB-2024-00111 | C112: 48 | D112: PT-53036 | E112: 1 | F112: 3 | G112: Resolved | H112: 14 | I112: 45482.128 | J112: 45482.242 | K112: 45483.947 | L112: 45485.128 | M112: 0 | N112: Portal | O112: Patient PT-53036 requesting addition of appointment originally booked for 20 Jul 2024. | P112: Appointment rescheduled to patient's preferred date. Confirmation sent via email and SMS. | Q112: 110 | R112: OK
A113: 112 | B113: NB-2024-00112 | C113: 61 | D113: PT-82308 | E113: 3 | F113: 3 | G113: Closed | H113: 52 | I113: 45357.14 | J113: 45357.751 | K113: 45358.617 | L113: 45360.14 | M113: 0 | N113: Email | O113: Pre-authorisation request for physiotherapy course. Patient PT-82308. Insurer: Bupa. | P113: Pre-authorisation confirmed with insurer. Reference number provided to client. | Q113: 111 | R113: OK
A114: 113 | B114: NB-2024-00113 | C114: 4 | D114: PT-29481 | E114: 5 | F114: 4 | G114: Closed | H114: 106 | I114: 45556.688 | J114: 45556.896 | K114: 45561.891 | L114: 45559.688 | M114: 1 | N114: Phone | O114: Request for fit-to-work certificate for patient PT-29481. | P114: Clinical summary prepared and sent to patient as requested. GDPR consent verified. | Q114: 112 | R114: OK
A115: 114 | B115: NB-2025-00114 | C115: 25 | D115: PT-96430 | E115: 4 | F115: 3 | G115: Open | H115: 25 | I115: 45726.017 | L115: 45727.017 | M115: 0 | N115: Phone | O115: Formal complaint submitted by patient regarding poor communication. Reference needed. | Q115: 113 | R115: OPEN_TICKET
A116: 115 | B116: NB-2024-00115 | C116: 73 | D116: PT-78337 | E116: 1 | F116: 3 | G116: Closed | H116: 58 | I116: 45488.517 | J116: 45488.814 | K116: 45490.747 | L116: 45491.517 | M116: 0 | N116: Phone | O116: Patient PT-78337 requesting addition of appointment originally booked for 29 Jul 2024. | P116: Appointment moved from afternoon to morning slot. Patient and GP practice both confirmed. | Q116: 114 | R116: OK
A117: 116 | B117: NB-2025-00116 | C117: 32 | D117: PT-28214 | E117: 2 | F117: 2 | G117: Closed | H117: 49 | I117: 45729.489 | J117: 45729.587 | K117: 45730.105 | L117: 45730.489 | M117: 0 | N117: Phone | O117: Query regarding invoice 40145 dated 10 Mar 2025. Client reports missing credit of £916. | P117: Invoice reviewed and corrected. Credit note issued for £726. Client accounts updated. | Q117: 115 | R117: OK
A118: 117 | B118: NB-2025-00117 | C118: 17 | D118: PT-85168 | E118: 2 | F118: 2 | G118: Resolved | H118: 96 | I118: 45675.343 | J118: 45675.476 | K118: 45675.67 | L118: 45676.343 | M118: 0 | N118: Phone | O118: Query regarding invoice 27658 dated 28 Dec 2024. Client reports incorrect charge of £2394. | P118: Late payment fee waived as a goodwill gesture following system error. Account adjusted. | Q118: 116 | R118: OK
A119: 118 | B119: NB-2023-00118 | C119: 41 | D119: PT-86368 | E119: 4 | F119: 3 | G119: Closed | H119: 35 | I119: 45060.539 | J119: 45060.756 | K119: 45064.381 | L119: 45062.539 | M119: 1 | N119: Phone | O119: Formal complaint submitted by patient regarding billing error. Reference needed. | P119: Patient complaint escalated to Operations Manager. Resolution meeting held; outcome agreed with client. | Q119: 117 | R119: OK
A120: 119 | B120: NB-2024-00119 | C120: 71 | D120: PT-25403 | E120: 1 | F120: 3 | G120: Resolved | H120: 15 | I120: 45579.462 | J120: 45579.808 | K120: 45583.103 | L120: 45581.462 | M120: 1 | N120: Phone | O120: Patient PT-25403 requesting reschedule of appointment originally booked for 22 Oct 2024. | P120: Recurring appointment series updated following consultant schedule change. | Q120: 118 | R120: OK
A121: 120 | B121: NB-2024-00120 | C121: 54 | D121: PT-40475 | E121: 5 | F121: 3 | G121: Closed | H121: 85 | I121: 45471.844 | J121: 45472.013 | K121: 45472.303 | L121: 45472.844 | M121: 0 | N121: Portal | O121: Request for clinical summary for patient PT-40475. | P121: Medical records compiled and securely transmitted to requesting party within 72 hours. | Q121: 119 | R121: OK
A122: 121 | B122: NB-2024-00121 | C122: 46 | D122: PT-90200 | E122: 2 | F122: 2 | G122: Closed | H122: 45 | I122: 45562.451 | J122: 45562.49 | K122: 45562.78 | L122: 45562.951 | M122: 0 | N122: Email | O122: Query regarding invoice 62095 dated 02 Sep 2024. Client reports duplicate payment of £1742. | P122: Late payment fee waived as a goodwill gesture following system error. Account adjusted. | Q122: 120 | R122: OK
A123: 122 | B123: NB-2024-00122 | C123: 50 | D123: PT-23143 | E123: 1 | F123: 3 | G123: Closed | H123: 112 | I123: 45545.806 | J123: 45545.952 | K123: 45548.5 | L123: 45548.806 | M123: 0 | N123: Email | O123: Patient PT-23143 requesting reschedule of appointment originally booked for 19 Sep 2024. | P123: Appointment rescheduled to patient's preferred date. Confirmation sent via email and SMS. | Q123: 121 | R123: OK
A124: 123 | B124: NB-2023-00123 | C124: 14 | D124: PT-78289 | E124: 2 | F124: 3 | G124: Resolved | H124: 31 | I124: 45026.878 | J124: 45027.056 | K124: 45032.699 | L124: 45029.878 | M124: 1 | N124: Email | O124: Query regarding invoice 88311 dated 08 Apr 2023. Client reports duplicate payment of £2672. | P124: Late payment fee waived as a goodwill gesture following system error. Account adjusted. | Q124: 122 | R124: OK
A125: 124 | B125: NB-2023-00124 | C125: 73 | D125: PT-62354 | E125: 1 | F125: 3 | G125: Resolved | H125: 104 | I125: 45287.222 | J125: 45287.322 | K125: 45290.006 | L125: 45290.222 | M125: 0 | N125: Email | O125: Patient PT-62354 requesting cancellation of appointment originally booked for 07 Jan 2024. | P125: Urgent appointment arranged within 24 hours following GP referral. Patient notified. | Q125: 123 | R125: OK
A126: 125 | B126: NB-2023-00125 | C126: 32 | D126: PT-48568 | E126: 1 | F126: 3 | G126: Closed | H126: 78 | I126: 45229.517 | J126: 45229.699 | K126: 45230.554 | L126: 45232.517 | M126: 0 | N126: Form | O126: Patient PT-48568 requesting cancellation of appointment originally booked for 01 Nov 2023. | P126: Appointment moved from afternoon to morning slot. Patient and GP practice both confirmed. | Q126: 124 | R126: OK
A127: 126 | B127: NB-2023-00126 | C127: 67 | D127: PT-56281 | E127: 5 | F127: 4 | G127: Closed | H127: 32 | I127: 45107.949 | J127: 45110.168 | K127: 45110.444 | L127: 45112.949 | M127: 0 | N127: Email | O127: Request for medical records for patient PT-56281. | P127: Clinical summary prepared and sent to patient as requested. GDPR consent verified. | Q127: 125 | R127: OK
... A129: 128 | B129: NB-2025-00128 | C129: 46 | D129: PT-46735 | E129: 4 | F129: 2 | G129: Closed | H129: 114 | I129: 45692.157 | J129: 45692.314 | K129: 45693.347 | L129: 45692.657 | M129: 1 | N129: Form | O129: Formal complaint submitted by patient regarding data handling concern. Reference needed. | P129: Patient complaint escalated to Operations Manager. Resolution meeting held; outcome agreed with client. | Q129: 127 | R129: OK
A130: 129 | B130: NB-2024-00129 | C130: 73 | D130: PT-90318 | E130: 2 | F130: 2 | G130: Pending Client | H130: 38 | I130: 45642.028 | J130: 45642.136 | L130: 45643.028 | M130: 1 | N130: Portal | O130: Query regarding invoice 81901 dated 07 Dec 2024. Client reports duplicate payment of £1153. | Q130: 128 | R130: OPEN_TICKET
A131: 130 | B131: NB-2024-00130 | C131: 53 | D131: PT-45382 | E131: 2 | F131: 2 | G131: Closed | H131: 118 | I131: 45494.462 | J131: 45494.61 | K131: 45495.275 | L131: 45495.462 | M131: 0 | N131: Phone | O131: Query regarding invoice 66651 dated 23 Jun 2024. Client reports disputed amount of £853. | P131: Duplicate charge identified and reversed. Updated invoice sent to client for reconciliation. | Q131: 129 | R131: OK
A132: 131 | B132: NB-2024-00131 | C132: 73 | D132: PT-38241 | E132: 1 | F132: 4 | G132: Resolved | H132: 119 | I132: 45417.798 | J132: 45418.884 | K132: 45419.812 | L132: 45422.798 | M132: 0 | N132: Phone | O132: Patient PT-38241 requesting cancellation of appointment originally booked for 13 May 2024. | P132: Recurring appointment series updated following consultant schedule change. | Q132: 130 | R132: OK
A133: 132 | B133: NB-2023-00132 | C133: 29 | D133: PT-90434 | E133: 1 | F133: 2 | G133: Resolved | H133: 116 | I133: 45198.469 | J133: 45198.597 | K133: 45198.819 | L133: 45199.469 | M133: 0 | N133: Email | O133: Patient PT-90434 requesting cancellation of appointment originally booked for 07 Oct 2023. | P133: Cancellation processed. New appointment booked for following week per patient request. | Q133: 131 | R133: OK
A134: 133 | B134: NB-2024-00133 | C134: 39 | D134: PT-31930 | E134: 1 | F134: 3 | G134: Closed | H134: 33 | I134: 45541.651 | J134: 45541.847 | K134: 45542.235 | L134: 45542.651 | M134: 0 | N134: Form | O134: Patient PT-31930 requesting reschedule of appointment originally booked for 20 Sep 2024. | P134: Appointment moved from afternoon to morning slot. Patient and GP practice both confirmed. | Q134: 132 | R134: OK
A135: 134 | B135: NB-2023-00134 | C135: 79 | D135: PT-61097 | E135: 1 | F135: 4 | G135: Closed | H135: 3 | I135: 45010.948 | J135: 45011.542 | K135: 45012.36 | L135: 45014.948 | M135: 0 | N135: Portal | O135: Patient PT-61097 requesting cancellation of appointment originally booked for 29 Mar 2023. | P135: Urgent appointment arranged within 24 hours following GP referral. Patient notified. | Q135: 133 | R135: OK
A136: 135 | B136: NB-2024-00135 | C136: 39 | D136: PT-83922 | E136: 2 | F136: 3 | G136: Closed | H136: 21 | I136: 45618.376 | J136: 45618.431 | K136: 45619.076 | L136: 45619.376 | M136: 0 | N136: Form | O136: Query regarding invoice 93858 dated 01 Nov 2024. Client reports missing credit of £1472. | P136: Billing query resolved following confirmation from insurer. Payment processing initiated. | Q136: 134 | R136: OK
A137: 136 | B137: NB-2025-00136 | C137: 1 | D137: PT-74478 | E137: 1 | F137: 3 | G137: In Progress | H137: 115 | I137: 45740.276 | J137: 45740.327 | L137: 45742.276 | M137: 0 | N137: Portal | O137: Patient PT-74478 requesting cancellation of appointment originally booked for 29 Mar 2025. | Q137: 135 | R137: OPEN_TICKET
A138: 137 | B138: NB-2024-00137 | C138: 80 | D138: PT-91962 | E138: 2 | F138: 3 | G138: Closed | H138: 49 | I138: 45606.354 | J138: 45606.619 | K138: 45607.403 | L138: 45609.354 | M138: 0 | N138: Email | O138: Query regarding invoice 90375 dated 15 Oct 2024. Client reports missing credit of £1216. | P138: Duplicate charge identified and reversed. Updated invoice sent to client for reconciliation. | Q138: 136 | R138: OK
A139: 138 | B139: NB-2024-00138 | C139: 63 | D139: PT-23405 | E139: 1 | F139: 3 | G139: Resolved | H139: 109 | I139: 45350.078 | J139: 45350.189 | K139: 45351.33 | L139: 45353.078 | M139: 0 | N139: Phone | O139: Patient PT-23405 requesting cancellation of appointment originally booked for 04 Mar 2024. | P139: Appointment moved from afternoon to morning slot. Patient and GP practice both confirmed. | Q139: 137 | R139: OK
A140: 139 | B140: NB-2024-00139 | C140: 70 | D140: PT-61435 | E140: 2 | F140: 3 | G140: Resolved | H140: 57 | I140: 45504.278 | J140: 45504.528 | K140: 45505.682 | L140: 45507.278 | M140: 0 | N140: Portal | O140: Query regarding invoice 71623 dated 25 Jul 2024. Client reports duplicate payment of £3496. | P140: Duplicate charge identified and reversed. Updated invoice sent to client for reconciliation. | Q140: 138 | R140: OK
A141: 140 | B141: NB-2024-00140 | C141: 29 | D141: PT-52344 | E141: 1 | F141: 4 | G141: Closed | H141: 112 | I141: 45643.215 | J141: 45645.066 | K141: 45645.698 | L141: 45648.215 | M141: 0 | N141: Portal | O141: Patient PT-52344 requesting reschedule of appointment originally booked for 28 Dec 2024. | P141: Appointment rescheduled to patient's preferred date. Confirmation sent via email and SMS. | Q141: 139 | R141: OK
A142: 141 | B142: NB-2024-00141 | C142: 61 | D142: PT-72294 | E142: 5 | F142: 3 | G142: Resolved | H142: 1 | I142: 45431.447 | J142: 45431.705 | K142: 45432.426 | L142: 45434.447 | M142: 0 | N142: Email | O142: Request for fit-to-work certificate for patient PT-72294. | P142: Medical records compiled and securely transmitted to requesting party within 72 hours. | Q142: 140 | R142: OK
...

Sheet SLA BREACH ANALYSIS
B1: SLA Breach by Priority
K2: Ticket Volume by Status
B3: Column Labels | R3: SLA BREACH RATE BY AGENT
B4: 0 | D4: 1 | F4: Total Count of TicketID | G4: Total Count of TicketID2 | K4: Row Labels | L4: Count of TicketID | M4: Count of TicketID2
A5: Row Labels | B5: Count of TicketID | C5: Count of TicketID2 | D5: Count of TicketID | E5: Count of TicketID2 | K5: Closed | L5: 1984 | M5: 0.56685714 | P5: Row Labels | Q5: Count of TicketID | R5: Sum of SLABreached | S5: Average of SLABreached2 | T5: Agents
A6: 1 | B6: 184 | C6: 0.71317829 | D6: 74 | E6: 0.28682171 | F6: 258 | G6: 1 | K6: Escalated | L6: 57 | M6: 0.016285714 | P6: 80 | Q6: 3 | R6: 2 | S6: 0.66666667 | T6: =_xlfn.XLOOKUP(P6,Agents!A:A,Agents!B:B,"Not Found") -> Eleanor Nwosu
A7: 2 | B7: 665 | C7: 0.79831933 | D7: 168 | E7: 0.20168067 | F7: 833 | G7: 1 | K7: In Progress | L7: 52 | M7: 0.014857143 | P7: 74 | Q7: 7 | R7: 4 | S7: 0.57142857 | T7: =_xlfn.XLOOKUP(P7,Agents!A:A,Agents!B:B,"Not Found") -> Lily Murphy
A8: 3 | B8: 1555 | C8: 0.78495709 | D8: 426 | E8: 0.21504291 | F8: 1981 | G8: 1 | K8: Open | L8: 46 | M8: 0.013142857 | P8: 98 | Q8: 17 | R8: 8 | S8: 0.47058824 | T8: =_xlfn.XLOOKUP(P8,Agents!A:A,Agents!B:B,"Not Found") -> Catriona Kofi
A9: 4 | B9: 342 | C9: 0.79906542 | D9: 86 | E9: 0.20093458 | F9: 428 | G9: 1 | K9: Pending Client | L9: 44 | M9: 0.012571429 | P9: 97 | Q9: 7 | R9: 3 | S9: 0.42857143 | T9: =_xlfn.XLOOKUP(P9,Agents!A:A,Agents!B:B,"Not Found") -> Dev Iqbal
A10: Grand Total | B10: 2746 | C10: 0.78457143 | D10: 754 | E10: 0.21542857 | F10: 3500 | G10: 1 | K10: Resolved | L10: 1317 | M10: 0.37628571 | P10: 30 | Q10: 19 | R10: 8 | S10: 0.42105263 | T10: =_xlfn.XLOOKUP(P10,Agents!A:A,Agents!B:B,"Not Found") -> Maya Smith
K11: Grand Total | L11: 3500 | M11: 1 | P11: 67 | Q11: 5 | R11: 2 | S11: 0.4 | T11: =_xlfn.XLOOKUP(P11,Agents!A:A,Agents!B:B,"Not Found") -> Lily Chaudhry
P12: 73 | Q12: 41 | R12: 15 | S12: 0.36585366 | T12: =_xlfn.XLOOKUP(P12,Agents!A:A,Agents!B:B,"Not Found") -> Noah Taylor
B13: SLA Breach by Category | P13: 35 | Q13: 56 | R13: 19 | S13: 0.33928571 | T13: =_xlfn.XLOOKUP(P13,Agents!A:A,Agents!B:B,"Not Found") -> Samuel Malik
K14: Ticket Volume by Chanel | P14: 85 | Q14: 21 | R14: 7 | S14: 0.33333333 | T14: =_xlfn.XLOOKUP(P14,Agents!A:A,Agents!B:B,"Not Found") -> Morag Jones
B15: Column Labels | P15: 10 | Q15: 9 | R15: 3 | S15: 0.33333333 | T15: =_xlfn.XLOOKUP(P15,Agents!A:A,Agents!B:B,"Not Found") -> Eleanor Iqbal
B16: 0 | D16: 1 | F16: Total Count of TicketID | G16: Total Count of TicketID2 | K16: Row Labels | L16: Count of TicketID | M16: Count of TicketID2 | P16: 86 | Q16: 24 | R16: 8 | S16: 0.33333333 | T16: =_xlfn.XLOOKUP(P16,Agents!A:A,Agents!B:B,"Not Found") -> Ciarán Murphy
A17: Row Labels | B17: Count of TicketID | C17: Count of TicketID2 | D17: Count of TicketID | E17: Count of TicketID2 | K17: Email | L17: 1221 | M17: 0.34885714 | P17: 18 | Q17: 3 | R17: 1 | S17: 0.33333333 | T17: =_xlfn.XLOOKUP(P17,Agents!A:A,Agents!B:B,"Not Found") -> Alfie Szymański
A18: 1 | B18: 955 | C18: 0.79583333 | D18: 245 | E18: 0.20416667 | F18: 1200 | G18: 1 | K18: Form | L18: 397 | M18: 0.11342857 | P18: 13 | Q18: 46 | R18: 15 | S18: 0.32608696 | T18: =_xlfn.XLOOKUP(P18,Agents!A:A,Agents!B:B,"Not Found") -> Amelia Szymański
A19: 2 | B19: 693 | C19: 0.79381443 | D19: 180 | E19: 0.20618557 | F19: 873 | G19: 1 | K19: Phone | L19: 905 | M19: 0.25857143 | P19: 5 | Q19: 38 | R19: 12 | S19: 0.31578947 | T19: =_xlfn.XLOOKUP(P19,Agents!A:A,Agents!B:B,"Not Found") -> Aisha Szymański
A20: 3 | B20: 552 | C20: 0.78186969 | D20: 154 | E20: 0.21813031 | F20: 706 | G20: 1 | K20: Portal | L20: 977 | M20: 0.27914286 | P20: 8 | Q20: 32 | R20: 10 | S20: 0.3125 | T20: =_xlfn.XLOOKUP(P20,Agents!A:A,Agents!B:B,"Not Found") -> Niamh Nguyen
A21: 4 | B21: 232 | C21: 0.75816993 | D21: 74 | E21: 0.24183007 | F21: 306 | G21: 1 | K21: Grand Total | L21: 3500 | M21: 1 | P21: 94 | Q21: 13 | R21: 4 | S21: 0.30769231 | T21: =_xlfn.XLOOKUP(P21,Agents!A:A,Agents!B:B,"Not Found") -> Neha Murray
A22: 5 | B22: 314 | C22: 0.75662651 | D22: 101 | E22: 0.24337349 | F22: 415 | G22: 1 | P22: 65 | Q22: 13 | R22: 4 | S22: 0.30769231 | T22: =_xlfn.XLOOKUP(P22,Agents!A:A,Agents!B:B,"Not Found") -> Daniel O'Sullivan
A23: Grand Total | B23: 2746 | C23: 0.78457143 | D23: 754 | E23: 0.21542857 | F23: 3500 | G23: 1 | P23: 12 | Q23: 36 | R23: 11 | S23: 0.30555556 | T23: =_xlfn.XLOOKUP(P23,Agents!A:A,Agents!B:B,"Not Found") -> Chloe Fraser
L24: Top 10 Tickets by Agents | P24: 87 | Q24: 33 | R24: 10 | S24: 0.3030303 | T24: =_xlfn.XLOOKUP(P24,Agents!A:A,Agents!B:B,"Not Found") -> Olivia McCarthy
P25: 72 | Q25: 44 | R25: 13 | S25: 0.29545455 | T25: =_xlfn.XLOOKUP(P25,Agents!A:A,Agents!B:B,"Not Found") -> Patrick Williams
B26: SLA Breach by Chanel | K26: Row Labels | L26: Count of TicketID | M26: Count of TicketID2 | P26: 70 | Q26: 17 | R26: 5 | S26: 0.29411765 | T26: =_xlfn.XLOOKUP(P26,Agents!A:A,Agents!B:B,"Not Found") -> Bridget Woźniak
K27: 102 | L27: 71 | M27: 0.1169687 | N27: =_xlfn.XLOOKUP(K27,Agents!A:A,Agents!B:B,"Not Found") -> Ananya Byrne | P27: 76 | Q27: 45 | R27: 13 | S27: 0.28888889 | T27: =_xlfn.XLOOKUP(P27,Agents!A:A,Agents!B:B,"Not Found") -> Henry Anderson
B28: Column Labels | K28: 40 | L28: 65 | M28: 0.10708402 | N28: =_xlfn.XLOOKUP(K28,Agents!A:A,Agents!B:B,"Not Found") -> Isla Clarke | P28: 26 | Q28: 56 | R28: 16 | S28: 0.28571429 | T28: =_xlfn.XLOOKUP(P28,Agents!A:A,Agents!B:B,"Not Found") -> Lucy Anderson
B29: 0 | D29: 1 | F29: Total Count of TicketID | G29: Total Count of TicketID2 | K29: 32 | L29: 63 | M29: 0.10378913 | N29: =_xlfn.XLOOKUP(K29,Agents!A:A,Agents!B:B,"Not Found") -> Charlie Nowak | P29: 37 | Q29: 7 | R29: 2 | S29: 0.28571429 | T29: =_xlfn.XLOOKUP(P29,Agents!A:A,Agents!B:B,"Not Found") -> Kirsty Martin
A30: Row Labels | B30: Count of TicketID | C30: Count of TicketID2 | D30: Count of TicketID | E30: Count of TicketID2 | K30: 105 | L30: 62 | M30: 0.10214168 | N30: =_xlfn.XLOOKUP(K30,Agents!A:A,Agents!B:B,"Not Found") -> Declan Osei | P30: 25 | Q30: 32 | R30: 9 | S30: 0.28125 | T30: =_xlfn.XLOOKUP(P30,Agents!A:A,Agents!B:B,"Not Found") -> Arjun Bakare
A31: Email | B31: 975 | C31: 0.7985258 | D31: 246 | E31: 0.2014742 | F31: 1221 | G31: 1 | K31: 119 | L31: 62 | M31: 0.10214168 | N31: =_xlfn.XLOOKUP(K31,Agents!A:A,Agents!B:B,"Not Found") -> Ava Kowalczyk | P31: 84 | Q31: 18 | R31: 5 | S31: 0.27777778 | T31: =_xlfn.XLOOKUP(P31,Agents!A:A,Agents!B:B,"Not Found") -> Nadia Ross
A32: Form | B32: 308 | C32: 0.77581864 | D32: 89 | E32: 0.22418136 | F32: 397 | G32: 1 | K32: 78 | L32: 59 | M32: 0.097199341 | N32: =_xlfn.XLOOKUP(K32,Agents!A:A,Agents!B:B,"Not Found") -> Angus Davies | P32: 6 | Q32: 18 | R32: 5 | S32: 0.27777778 | T32: =_xlfn.XLOOKUP(P32,Agents!A:A,Agents!B:B,"Not Found") -> Morag Iqbal
A33: Phone | B33: 689 | C33: 0.76132597 | D33: 216 | E33: 0.23867403 | F33: 905 | G33: 1 | K33: 100 | L33: 57 | M33: 0.093904448 | N33: =_xlfn.XLOOKUP(K33,Agents!A:A,Agents!B:B,"Not Found") -> Seamus Iqbal | P33: 103 | Q33: 22 | R33: 6 | S33: 0.27272727 | T33: =_xlfn.XLOOKUP(P33,Agents!A:A,Agents!B:B,"Not Found") -> Sophia Davies
A34: Portal | B34: 774 | C34: 0.79222108 | D34: 203 | E34: 0.20777892 | F34: 977 | G34: 1 | K34: 15 | L34: 56 | M34: 0.092257002 | N34: =_xlfn.XLOOKUP(K34,Agents!A:A,Agents!B:B,"Not Found") -> Edward Kowalczyk | P34: 1 | Q34: 48 | R34: 13 | S34: 0.27083333 | T34: =_xlfn.XLOOKUP(P34,Agents!A:A,Agents!B:B,"Not Found") -> Parveen Szymański
A35: Grand Total | B35: 2746 | C35: 0.78457143 | D35: 754 | E35: 0.21542857 | F35: 3500 | G35: 1 | K35: 35 | L35: 56 | M35: 0.092257002 | N35: =_xlfn.XLOOKUP(K35,Agents!A:A,Agents!B:B,"Not Found") -> Samuel Malik | P35: 36 | Q35: 15 | R35: 4 | S35: 0.26666667 | T35: =_xlfn.XLOOKUP(P35,Agents!A:A,Agents!B:B,"Not Found") -> Ava Byrne
K36: 26 | L36: 56 | M36: 0.092257002 | N36: =_xlfn.XLOOKUP(K36,Agents!A:A,Agents!B:B,"Not Found") -> Lucy Anderson | P36: 88 | Q36: 15 | R36: 4 | S36: 0.26666667 | T36: =_xlfn.XLOOKUP(P36,Agents!A:A,Agents!B:B,"Not Found") -> Patrick Zieliński
K37: Grand Total | L37: 607 | M37: 1 | P37: 38 | Q37: 34 | R37: 9 | S37: 0.26470588 | T37: =_xlfn.XLOOKUP(P37,Agents!A:A,Agents!B:B,"Not Found") -> Alfie O'Brien
B38: SLA Breach by Status | P38: 117 | Q38: 46 | R38: 12 | S38: 0.26086957 | T38: =_xlfn.XLOOKUP(P38,Agents!A:A,Agents!B:B,"Not Found") -> Parveen Campbell
P39: 108 | Q39: 36 | R39: 9 | S39: 0.25 | T39: =_xlfn.XLOOKUP(P39,Agents!A:A,Agents!B:B,"Not Found") -> Charlotte Kelly
B40: Column Labels | P40: 2 | Q40: 24 | R40: 6 | S40: 0.25 | T40: =_xlfn.XLOOKUP(P40,Agents!A:A,Agents!B:B,"Not Found") -> Kirsty Morrison
B41: 0 | D41: 1 | F41: Total Count of TicketID | G41: Total Count of TicketID2 | P41: 63 | Q41: 32 | R41: 8 | S41: 0.25 | T41: =_xlfn.XLOOKUP(P41,Agents!A:A,Agents!B:B,"Not Found") -> Roisín Kofi
A42: Row Labels | B42: Count of TicketID | C42: Count of TicketID2 | D42: Count of TicketID | E42: Count of TicketID2 | P42: 11 | Q42: 44 | R42: 11 | S42: 0.25 | T42: =_xlfn.XLOOKUP(P42,Agents!A:A,Agents!B:B,"Not Found") -> Amelia Clarke
A43: Closed | B43: 1567 | C43: 0.78981855 | D43: 417 | E43: 0.21018145 | F43: 1984 | G43: 1 | P43: 29 | Q43: 12 | R43: 3 | S43: 0.25 | T43: =_xlfn.XLOOKUP(P43,Agents!A:A,Agents!B:B,"Not Found") -> Arjun Wiśniewski
A44: Escalated | B44: 30 | C44: 0.52631579 | D44: 27 | E44: 0.47368421 | F44: 57 | G44: 1 | P44: 93 | Q44: 41 | R44: 10 | S44: 0.24390244 | T44: =_xlfn.XLOOKUP(P44,Agents!A:A,Agents!B:B,"Not Found") -> Ciarán Anderson
A45: In Progress | B45: 35 | C45: 0.67307692 | D45: 17 | E45: 0.32692308 | F45: 52 | G45: 1 | P45: 105 | Q45: 62 | R45: 15 | S45: 0.24193548 | T45: =_xlfn.XLOOKUP(P45,Agents!A:A,Agents!B:B,"Not Found") -> Declan Osei
A46: Open | B46: 31 | C46: 0.67391304 | D46: 15 | E46: 0.32608696 | F46: 46 | G46: 1 | P46: 33 | Q46: 25 | R46: 6 | S46: 0.24 | T46: =_xlfn.XLOOKUP(P46,Agents!A:A,Agents!B:B,"Not Found") -> Aoife Johnson
A47: Pending Client | B47: 26 | C47: 0.59090909 | D47: 18 | E47: 0.40909091 | F47: 44 | G47: 1 | P47: 82 | Q47: 17 | R47: 4 | S47: 0.23529412 | T47: =_xlfn.XLOOKUP(P47,Agents!A:A,Agents!B:B,"Not Found") -> Grace O'Brien
A48: Resolved | B48: 1057 | C48: 0.80258162 | D48: 260 | E48: 0.19741838 | F48: 1317 | G48: 1 | P48: 91 | Q48: 17 | R48: 4 | S48: 0.23529412 | T48: =_xlfn.XLOOKUP(P48,Agents!A:A,Agents!B:B,"Not Found") -> Emily Ali
A49: Grand Total | B49: 2746 | C49: 0.78457143 | D49: 754 | E49: 0.21542857 | F49: 3500 | G49: 1 | P49: 49 | Q49: 30 | R49: 7 | S49: 0.23333333 | T49: =_xlfn.XLOOKUP(P49,Agents!A:A,Agents!B:B,"Not Found") -> George Anderson
P50: 54 | Q50: 26 | R50: 6 | S50: 0.23076923 | T50: =_xlfn.XLOOKUP(P50,Agents!A:A,Agents!B:B,"Not Found") -> Fatima Diallo
P51: 4 | Q51: 22 | R51: 5 | S51: 0.22727273 | T51: =_xlfn.XLOOKUP(P51,Agents!A:A,Agents!B:B,"Not Found") -> Eleanor Patel
P52: 14 | Q52: 44 | R52: 10 | S52: 0.22727273 | T52: =_xlfn.XLOOKUP(P52,Agents!A:A,Agents!B:B,"Not Found") -> Amit Patel
P53: 79 | Q53: 54 | R53: 12 | S53: 0.22222222 | T53: =_xlfn.XLOOKUP(P53,Agents!A:A,Agents!B:B,"Not Found") -> Lucy Jones
P54: 78 | Q54: 59 | R54: 13 | S54: 0.22033898 | T54: =_xlfn.XLOOKUP(P54,Agents!A:A,Agents!B:B,"Not Found") -> Angus Davies
P55: 99 | Q55: 23 | R55: 5 | S55: 0.2173913 | T55: =_xlfn.XLOOKUP(P55,Agents!A:A,Agents!B:B,"Not Found") -> Freddie Begum
P56: 7 | Q56: 23 | R56: 5 | S56: 0.2173913 | T56: =_xlfn.XLOOKUP(P56,Agents!A:A,Agents!B:B,"Not Found") -> Charlotte Okafor
P57: 83 | Q57: 23 | R57: 5 | S57: 0.2173913 | T57: =_xlfn.XLOOKUP(P57,Agents!A:A,Agents!B:B,"Not Found") -> Ananya Fraser
P58: 28 | Q58: 23 | R58: 5 | S58: 0.2173913 | T58: =_xlfn.XLOOKUP(P58,Agents!A:A,Agents!B:B,"Not Found") -> Charlie Woźniak
P59: 16 | Q59: 37 | R59: 8 | S59: 0.21621622 | T59: =_xlfn.XLOOKUP(P59,Agents!A:A,Agents!B:B,"Not Found") -> Duncan Campbell
P60: 40 | Q60: 65 | R60: 14 | S60: 0.21538462 | T60: =_xlfn.XLOOKUP(P60,Agents!A:A,Agents!B:B,"Not Found") -> Isla Clarke
P61: 24 | Q61: 28 | R61: 6 | S61: 0.21428571 | T61: =_xlfn.XLOOKUP(P61,Agents!A:A,Agents!B:B,"Not Found") -> Patrick Mensah
... P119: 77 | Q119: 16 | R119: 1 | S119: 0.0625 | T119: =_xlfn.XLOOKUP(P119,Agents!A:A,Agents!B:B,"Not Found") -> Zara Roberts
P120: Grand Total | Q120: 3500 | R120: 754 | S120: 0.21542857

Sheet Response and Resolution Analysi
A3: Average of Response Time (Hours)
A4: 5.0574455
A7: Row Labels | B7: Average of Response Time (Hours)
A8: 1 | B8: 1.1814527
A9: 2 | B9: 2.4838586
A10: 3 | B10: 4.6610541
A11: 4 | B11: 14.235535
A12: Grand Total | B12: 5.0574455
A16: Row Labels | B16: Average of Resolution Time
A17: 1 | B17: 5.2895412
A18: 2 | B18: 14.978493
A19: 3 | B19: 47.297673
A20: 4 | B20: 83.438616
A21: Grand Total | B21: 40.85616

Sheet Monthly Trends
B1: Year Ticket volume | I1: Year and Quarter SLA breach rate
A3: Count of TicketID | B3: Column Labels | H3: Column Labels
A4: Row Labels | B4: 0 | C4: 1 | D4: Grand Total | H4: 0 | J4: 1 | L4: Total Count of TicketID | M4: Total Count of TicketID2
A5: 2023 | B5: 1246 | C5: 343 | D5: 1589 | G5: Row Labels | H5: Count of TicketID | I5: Count of TicketID2 | J5: Count of TicketID | K5: Count of TicketID2
A6: Qtr1 | B6: 303 | C6: 85 | D6: 388 | G6: 2023 | H6: 1246 | I6: 0.78414097 | J6: 343 | K6: 0.21585903 | L6: 1589 | M6: 1
A7: Jan | B7: 104 | C7: 31 | D7: 135 | G7: Qtr1 | H7: 303 | I7: 0.78092784 | J7: 85 | K7: 0.21907216 | L7: 388 | M7: 1
A8: Feb | B8: 85 | C8: 28 | D8: 113 | G8: Jan | H8: 104 | I8: 0.77037037 | J8: 31 | K8: 0.22962963 | L8: 135 | M8: 1
A9: Mar | B9: 114 | C9: 26 | D9: 140 | G9: Feb | H9: 85 | I9: 0.75221239 | J9: 28 | K9: 0.24778761 | L9: 113 | M9: 1
A10: Qtr2 | B10: 311 | C10: 87 | D10: 398 | G10: Mar | H10: 114 | I10: 0.81428571 | J10: 26 | K10: 0.18571429 | L10: 140 | M10: 1
A11: Qtr3 | B11: 310 | C11: 80 | D11: 390 | G11: Qtr2 | H11: 311 | I11: 0.78140704 | J11: 87 | K11: 0.21859296 | L11: 398 | M11: 1
A12: Qtr4 | B12: 322 | C12: 91 | D12: 413 | G12: Qtr3 | H12: 310 | I12: 0.79487179 | J12: 80 | K12: 0.20512821 | L12: 390 | M12: 1
A13: 2024 | B13: 1198 | C13: 313 | D13: 1511 | G13: Qtr4 | H13: 322 | I13: 0.77966102 | J13: 91 | K13: 0.22033898 | L13: 413 | M13: 1
A14: Qtr1 | B14: 285 | C14: 76 | D14: 361 | G14: 2024 | H14: 1198 | I14: 0.79285242 | J14: 313 | K14: 0.20714758 | L14: 1511 | M14: 1
A15: Jan | B15: 95 | C15: 30 | D15: 125 | G15: 2025 | H15: 302 | I15: 0.755 | J15: 98 | K15: 0.245 | L15: 400 | M15: 1
A16: Feb | B16: 96 | C16: 20 | D16: 116 | G16: Grand Total | H16: 2746 | I16: 0.78457143 | J16: 754 | K16: 0.21542857 | L16: 3500 | M16: 1
A17: Mar | B17: 94 | C17: 26 | D17: 120
A18: Qtr2 | B18: 309 | C18: 81 | D18: 390
A19: Qtr3 | B19: 312 | C19: 83 | D19: 395
A20: Qtr4 | B20: 292 | C20: 73 | D20: 365
A21: 2025 | B21: 302 | C21: 98 | D21: 400
A22: Grand Total | B22: 2746 | C22: 754 | D22: 3500

Sheet Agent-Workload Analaysis
E1: Top 10 busiest Agents
A3: Row Labels | B3: Count of TicketID | C3: Full Name | D3: Role | E3: Hub | F3: Daily Capacity | G3: Tickets Assigned | H3: Workload Pressure %
A4: 102 | B4: 71 | C4: {=_xlfn.XLOOKUP(A4,Agents_1[[#All],[AgentID]],Agents_1[[#All],[FullName]],"Not found")} -> Ananya Byrne | D4: {=_xlfn.XLOOKUP(A4,Agents_1[[#All],[AgentID]],Agents_1[[#All],[Role]],"Not found")} -> Senior Agent | E4: {=_xlfn.XLOOKUP(A4,Agents_1[[#All],[AgentID]],Agents_1[[#All],[Hub]],"Not found")} -> Edinburgh | F4: =_xlfn.XLOOKUP(A4,Agents_1[AgentID],Agents_1[DailyCapacity],"Not found") -> 18 | G4: =B4/F4 -> 3.9444444 | H4: =B4/F4*100 -> 394.44444
A5: 40 | B5: 65 | C5: {=_xlfn.XLOOKUP(A5,Agents_1[[#All],[AgentID]],Agents_1[[#All],[FullName]],"Not found")} -> Isla Clarke | D5: {=_xlfn.XLOOKUP(A5,Agents_1[[#All],[AgentID]],Agents_1[[#All],[Role]],"Not found")} -> Team Lead | E5: {=_xlfn.XLOOKUP(A5,Agents_1[[#All],[AgentID]],Agents_1[[#All],[Hub]],"Not found")} -> Manchester | F5: =_xlfn.XLOOKUP(A5,Agents_1[AgentID],Agents_1[DailyCapacity],"Not found") -> 14 | G5: =B5/F5 -> 4.6428571 | H5: =B5/F5*100 -> 464.28571
A6: 32 | B6: 63 | C6: {=_xlfn.XLOOKUP(A6,Agents_1[[#All],[AgentID]],Agents_1[[#All],[FullName]],"Not found")} -> Charlie Nowak | D6: {=_xlfn.XLOOKUP(A6,Agents_1[[#All],[AgentID]],Agents_1[[#All],[Role]],"Not found")} -> Team Lead | E6: {=_xlfn.XLOOKUP(A6,Agents_1[[#All],[AgentID]],Agents_1[[#All],[Hub]],"Not found")} -> Manchester | F6: =_xlfn.XLOOKUP(A6,Agents_1[AgentID],Agents_1[DailyCapacity],"Not found") -> 8 | G6: =B6/F6 -> 7.875 | H6: =B6/F6*100 -> 787.5
A7: 105 | B7: 62 | C7: {=_xlfn.XLOOKUP(A7,Agents_1[[#All],[AgentID]],Agents_1[[#All],[FullName]],"Not found")} -> Declan Osei | D7: {=_xlfn.XLOOKUP(A7,Agents_1[[#All],[AgentID]],Agents_1[[#All],[Role]],"Not found")} -> Team Lead | E7: {=_xlfn.XLOOKUP(A7,Agents_1[[#All],[AgentID]],Agents_1[[#All],[Hub]],"Not found")} -> Edinburgh | F7: =_xlfn.XLOOKUP(A7,Agents_1[AgentID],Agents_1[DailyCapacity],"Not found") -> 13 | G7: =B7/F7 -> 4.7692308 | H7: =B7/F7*100 -> 476.92308
A8: 119 | B8: 62 | C8: {=_xlfn.XLOOKUP(A8,Agents_1[[#All],[AgentID]],Agents_1[[#All],[FullName]],"Not found")} -> Ava Kowalczyk | D8: {=_xlfn.XLOOKUP(A8,Agents_1[[#All],[AgentID]],Agents_1[[#All],[Role]],"Not found")} -> Team Lead | E8: {=_xlfn.XLOOKUP(A8,Agents_1[[#All],[AgentID]],Agents_1[[#All],[Hub]],"Not found")} -> Edinburgh | F8: =_xlfn.XLOOKUP(A8,Agents_1[AgentID],Agents_1[DailyCapacity],"Not found") -> 13 | G8: =B8/F8 -> 4.7692308 | H8: =B8/F8*100 -> 476.92308
A9: 78 | B9: 59 | C9: {=_xlfn.XLOOKUP(A9,Agents_1[[#All],[AgentID]],Agents_1[[#All],[FullName]],"Not found")} -> Angus Davies | D9: {=_xlfn.XLOOKUP(A9,Agents_1[[#All],[AgentID]],Agents_1[[#All],[Role]],"Not found")} -> Team Lead | E9: {=_xlfn.XLOOKUP(A9,Agents_1[[#All],[AgentID]],Agents_1[[#All],[Hub]],"Not found")} -> Birmingham | F9: =_xlfn.XLOOKUP(A9,Agents_1[AgentID],Agents_1[DailyCapacity],"Not found") -> 14 | G9: =B9/F9 -> 4.2142857 | H9: =B9/F9*100 -> 421.42857
A10: 100 | B10: 57 | C10: {=_xlfn.XLOOKUP(A10,Agents_1[[#All],[AgentID]],Agents_1[[#All],[FullName]],"Not found")} -> Seamus Iqbal | D10: {=_xlfn.XLOOKUP(A10,Agents_1[[#All],[AgentID]],Agents_1[[#All],[Role]],"Not found")} -> Agent | E10: {=_xlfn.XLOOKUP(A10,Agents_1[[#All],[AgentID]],Agents_1[[#All],[Hub]],"Not found")} -> Edinburgh | F10: =_xlfn.XLOOKUP(A10,Agents_1[AgentID],Agents_1[DailyCapacity],"Not found") -> 28 | G10: =B10/F10 -> 2.0357143 | H10: =B10/F10*100 -> 203.57143
A11: 15 | B11: 56 | C11: {=_xlfn.XLOOKUP(A11,Agents_1[[#All],[AgentID]],Agents_1[[#All],[FullName]],"Not found")} -> Edward Kowalczyk | D11: {=_xlfn.XLOOKUP(A11,Agents_1[[#All],[AgentID]],Agents_1[[#All],[Role]],"Not found")} -> Agent | E11: {=_xlfn.XLOOKUP(A11,Agents_1[[#All],[AgentID]],Agents_1[[#All],[Hub]],"Not found")} -> Manchester | F11: =_xlfn.XLOOKUP(A11,Agents_1[AgentID],Agents_1[DailyCapacity],"Not found") -> 22 | G11: =B11/F11 -> 2.5454545 | H11: =B11/F11*100 -> 254.54545
A12: 35 | B12: 56 | C12: {=_xlfn.XLOOKUP(A12,Agents_1[[#All],[AgentID]],Agents_1[[#All],[FullName]],"Not found")} -> Samuel Malik | D12: {=_xlfn.XLOOKUP(A12,Agents_1[[#All],[AgentID]],Agents_1[[#All],[Role]],"Not found")} -> Senior Agent | E12: {=_xlfn.XLOOKUP(A12,Agents_1[[#All],[AgentID]],Agents_1[[#All],[Hub]],"Not found")} -> Manchester | F12: =_xlfn.XLOOKUP(A12,Agents_1[AgentID],Agents_1[DailyCapacity],"Not found") -> 14 | G12: =B12/F12 -> 4 | H12: =B12/F12*100 -> 400
A13: 26 | B13: 56 | C13: {=_xlfn.XLOOKUP(A13,Agents_1[[#All],[AgentID]],Agents_1[[#All],[FullName]],"Not found")} -> Lucy Anderson | D13: {=_xlfn.XLOOKUP(A13,Agents_1[[#All],[AgentID]],Agents_1[[#All],[Role]],"Not found")} -> Agent | E13: {=_xlfn.XLOOKUP(A13,Agents_1[[#All],[AgentID]],Agents_1[[#All],[Hub]],"Not found")} -> Manchester | F13: =_xlfn.XLOOKUP(A13,Agents_1[AgentID],Agents_1[DailyCapacity],"Not found") -> 18 | G13: =B13/F13 -> 3.1111111 | H13: =B13/F13*100 -> 311.11111
A14: Grand Total | B14: 607
C15: SLA BREACHES
A17: Count of TicketID | B17: Column Labels | H17: Sorted- Lrgest to smallest
A18: Row Labels | B18: 0 | C18: 1 | D18: Grand Total | E18: SLA BREACH % | F18: Role | G18: Full Name
A19: 102 | B19: 57 | C19: 14 | D19: 71 | E19: =C19/D19 -> 0.1971831 | F19: {=_xlfn.XLOOKUP(A19,Agents_1[[#All],[AgentID]],Agents_1[[#All],[Role]],"Not found")} -> Senior Agent | G19: {=_xlfn.XLOOKUP(A19,Agents_1[[#All],[AgentID]],Agents_1[[#All],[FullName]],"Not found")} -> Ananya Byrne
A20: 40 | B20: 51 | C20: 14 | D20: 65 | E20: =C20/D20 -> 0.21538462 | F20: {=_xlfn.XLOOKUP(A20,Agents_1[[#All],[AgentID]],Agents_1[[#All],[Role]],"Not found")} -> Team Lead | G20: {=_xlfn.XLOOKUP(A20,Agents_1[[#All],[AgentID]],Agents_1[[#All],[FullName]],"Not found")} -> Isla Clarke
A21: 32 | B21: 50 | C21: 13 | D21: 63 | E21: =C21/D21 -> 0.20634921 | F21: {=_xlfn.XLOOKUP(A21,Agents_1[[#All],[AgentID]],Agents_1[[#All],[Role]],"Not found")} -> Team Lead | G21: {=_xlfn.XLOOKUP(A21,Agents_1[[#All],[AgentID]],Agents_1[[#All],[FullName]],"Not found")} -> Charlie Nowak
A22: 105 | B22: 47 | C22: 15 | D22: 62 | E22: =C22/D22 -> 0.24193548 | F22: {=_xlfn.XLOOKUP(A22,Agents_1[[#All],[AgentID]],Agents_1[[#All],[Role]],"Not found")} -> Team Lead | G22: {=_xlfn.XLOOKUP(A22,Agents_1[[#All],[AgentID]],Agents_1[[#All],[FullName]],"Not found")} -> Declan Osei
A23: 119 | B23: 55 | C23: 7 | D23: 62 | E23: =C23/D23 -> 0.11290323 | F23: {=_xlfn.XLOOKUP(A23,Agents_1[[#All],[AgentID]],Agents_1[[#All],[Role]],"Not found")} -> Team Lead | G23: {=_xlfn.XLOOKUP(A23,Agents_1[[#All],[AgentID]],Agents_1[[#All],[FullName]],"Not found")} -> Ava Kowalczyk
A24: 78 | B24: 46 | C24: 13 | D24: 59 | E24: =C24/D24 -> 0.22033898 | F24: {=_xlfn.XLOOKUP(A24,Agents_1[[#All],[AgentID]],Agents_1[[#All],[Role]],"Not found")} -> Team Lead | G24: {=_xlfn.XLOOKUP(A24,Agents_1[[#All],[AgentID]],Agents_1[[#All],[FullName]],"Not found")} -> Angus Davies
A25: 100 | B25: 45 | C25: 12 | D25: 57 | E25: =C25/D25 -> 0.21052632 | F25: {=_xlfn.XLOOKUP(A25,Agents_1[[#All],[AgentID]],Agents_1[[#All],[Role]],"Not found")} -> Agent | G25: {=_xlfn.XLOOKUP(A25,Agents_1[[#All],[AgentID]],Agents_1[[#All],[FullName]],"Not found")} -> Seamus Iqbal
A26: 15 | B26: 44 | C26: 12 | D26: 56 | E26: =C26/D26 -> 0.21428571 | F26: {=_xlfn.XLOOKUP(A26,Agents_1[[#All],[AgentID]],Agents_1[[#All],[Role]],"Not found")} -> Agent | G26: {=_xlfn.XLOOKUP(A26,Agents_1[[#All],[AgentID]],Agents_1[[#All],[FullName]],"Not found")} -> Edward Kowalczyk
A27: 35 | B27: 37 | C27: 19 | D27: 56 | E27: =C27/D27 -> 0.33928571 | F27: {=_xlfn.XLOOKUP(A27,Agents_1[[#All],[AgentID]],Agents_1[[#All],[Role]],"Not found")} -> Senior Agent | G27: {=_xlfn.XLOOKUP(A27,Agents_1[[#All],[AgentID]],Agents_1[[#All],[FullName]],"Not found")} -> Samuel Malik
A28: 26 | B28: 40 | C28: 16 | D28: 56 | E28: =C28/D28 -> 0.28571429 | F28: {=_xlfn.XLOOKUP(A28,Agents_1[[#All],[AgentID]],Agents_1[[#All],[Role]],"Not found")} -> Agent | G28: {=_xlfn.XLOOKUP(A28,Agents_1[[#All],[AgentID]],Agents_1[[#All],[FullName]],"Not found")} -> Lucy Anderson
A29: Grand Total | B29: 472 | C29: 135 | D29: 607

Sheet Workload by Hub
A3: Row Labels | B3: Count of TicketID | C3: Hub | D3: Hub | E3: Total Tickets | F3: Total Workload % | H3: Hub | I3: Total Tickets | J3: % of Total
A4: 1 | B4: 48 | C4: {=_xlfn.XLOOKUP(A4,Agents_1[[#All],[AgentID]],Agents_1[[#All],[Hub]],"Not found")} -> Manchester | D4: {=_xlfn.UNIQUE(C4:C123)} -> Manchester | E4: =SUMIF($C$4:$C$123,D4,$B$4:$B$123) -> 1346 | F4: =E4/SUM($E$4:$E$7) -> 0.38457143 | H4: {=_xlfn.SORTBY(D4:F7,E4:E7,-1)} -> Manchester | I4: 1346 | J4: 0.38457143 | K4: =I4/SUM($I$4:$I$7) -> 0.38457143
A5: 2 | B5: 24 | C5: {=_xlfn.XLOOKUP(A5,Agents_1[[#All],[AgentID]],Agents_1[[#All],[Hub]],"Not found")} -> Manchester | D5: Leeds | E5: =SUMIF($C$4:$C$123,D5,$B$4:$B$123) -> 601 | F5: =E5/SUM($E$4:$E$7) -> 0.17171429 | H5: Edinburgh | I5: 817 | J5: 0.23342857
A6: 3 | B6: 44 | C6: {=_xlfn.XLOOKUP(A6,Agents_1[[#All],[AgentID]],Agents_1[[#All],[Hub]],"Not found")} -> Manchester | D6: Birmingham | E6: =SUMIF($C$4:$C$123,D6,$B$4:$B$123) -> 736 | F6: =E6/SUM($E$4:$E$7) -> 0.21028571 | H6: Birmingham | I6: 736 | J6: 0.21028571
A7: 4 | B7: 22 | C7: {=_xlfn.XLOOKUP(A7,Agents_1[[#All],[AgentID]],Agents_1[[#All],[Hub]],"Not found")} -> Manchester | D7: Edinburgh | E7: =SUMIF($C$4:$C$123,D7,$B$4:$B$123) -> 817 | F7: =E7/SUM($E$4:$E$7) -> 0.23342857 | H7: Leeds | I7: 601 | J7: 0.17171429
A8: 5 | B8: 38 | C8: {=_xlfn.XLOOKUP(A8,Agents_1[[#All],[AgentID]],Agents_1[[#All],[Hub]],"Not found")} -> Manchester | D8: 0
A9: 6 | B9: 18 | C9: {=_xlfn.XLOOKUP(A9,Agents_1[[#All],[AgentID]],Agents_1[[#All],[Hub]],"Not found")} -> Manchester
A10: 7 | B10: 23 | C10: {=_xlfn.XLOOKUP(A10,Agents_1[[#All],[AgentID]],Agents_1[[#All],[Hub]],"Not found")} -> Manchester
A11: 8 | B11: 32 | C11: {=_xlfn.XLOOKUP(A11,Agents_1[[#All],[AgentID]],Agents_1[[#All],[Hub]],"Not found")} -> Manchester
A12: 9 | B12: 54 | C12: {=_xlfn.XLOOKUP(A12,Agents_1[[#All],[AgentID]],Agents_1[[#All],[Hub]],"Not found")} -> Manchester
A13: 10 | B13: 9 | C13: {=_xlfn.XLOOKUP(A13,Agents_1[[#All],[AgentID]],Agents_1[[#All],[Hub]],"Not found")} -> Manchester
A14: 11 | B14: 44 | C14: {=_xlfn.XLOOKUP(A14,Agents_1[[#All],[AgentID]],Agents_1[[#All],[Hub]],"Not found")} -> Manchester
A15: 12 | B15: 36 | C15: {=_xlfn.XLOOKUP(A15,Agents_1[[#All],[AgentID]],Agents_1[[#All],[Hub]],"Not found")} -> Manchester
A16: 13 | B16: 46 | C16: {=_xlfn.XLOOKUP(A16,Agents_1[[#All],[AgentID]],Agents_1[[#All],[Hub]],"Not found")} -> Manchester
A17: 14 | B17: 44 | C17: {=_xlfn.XLOOKUP(A17,Agents_1[[#All],[AgentID]],Agents_1[[#All],[Hub]],"Not found")} -> Manchester
A18: 15 | B18: 56 | C18: {=_xlfn.XLOOKUP(A18,Agents_1[[#All],[AgentID]],Agents_1[[#All],[Hub]],"Not found")} -> Manchester
A19: 16 | B19: 37 | C19: {=_xlfn.XLOOKUP(A19,Agents_1[[#All],[AgentID]],Agents_1[[#All],[Hub]],"Not found")} -> Manchester
A20: 17 | B20: 34 | C20: {=_xlfn.XLOOKUP(A20,Agents_1[[#All],[AgentID]],Agents_1[[#All],[Hub]],"Not found")} -> Manchester
... A117: 120 | B117: 6 | C117: {=_xlfn.XLOOKUP(A117,Agents_1[[#All],[AgentID]],Agents_1[[#All],[Hub]],"Not found")} -> Edinburgh
A118: Grand Total | B118: 3500

Sheet Ticket and SLA BREACHES v CLIEN
C1: TOP 20 CLIENTS AND TICKETS
J2: TICKET SLA BREACHES
A3: Row Labels | B3: Count of TicketID | C3: Client | D3: Region | H3: Column Labels | S3: TICKET SLA BREACH RATE BY CLIENT
A4: 44 | B4: 67 | C4: =_xlfn.XLOOKUP(A4,'Clients'!A:A,'Clients'!B:B,"Not found") -> Bridgeway Private Hospital | D4: =_xlfn.XLOOKUP(A4,'Clients'!A:A,'Clients'!F:F,"Not found") -> Yorkshire | H4: 0 | J4: 1 | L4: Total Count of TicketID | M4: Total Count of TicketID2
A5: 52 | B5: 62 | C5: =_xlfn.XLOOKUP(A5,'Clients'!A:A,'Clients'!B:B,"Not found") -> Central Specialist Services | D5: =_xlfn.XLOOKUP(A5,'Clients'!A:A,'Clients'!F:F,"Not found") -> Scotland | G5: Row Labels | H5: Count of TicketID | I5: Count of TicketID2 | J5: Count of TicketID | K5: Count of TicketID2 | N5: Client | O5: Region | S5: Breach % | T5: Client
A6: 51 | B6: 60 | C6: =_xlfn.XLOOKUP(A6,'Clients'!A:A,'Clients'!B:B,"Not found") -> County Medical Centre | D6: =_xlfn.XLOOKUP(A6,'Clients'!A:A,'Clients'!F:F,"Not found") -> Scotland | G6: 44 | H6: 49 | I6: 0.73134328 | J6: 18 | K6: 0.26865672 | L6: 67 | M6: 1 | N6: =_xlfn.XLOOKUP(G6,'Clients'!A:A,'Clients'!B:B,"Not found") -> Bridgeway Private Hospital | O6: =_xlfn.XLOOKUP(G6,'Clients'!A:A,'Clients'!F:F,"Not found") -> Yorkshire | S6: 0.33333333 | T6: Marshfield Health Associates
A7: 30 | B7: 60 | C7: =_xlfn.XLOOKUP(A7,'Clients'!A:A,'Clients'!B:B,"Not found") -> Daleview Specialist Clinic | D7: =_xlfn.XLOOKUP(A7,'Clients'!A:A,'Clients'!F:F,"Not found") -> South East | G7: 57 | H7: 40 | I7: 0.70175439 | J7: 17 | K7: 0.29824561 | L7: 57 | M7: 1 | N7: =_xlfn.XLOOKUP(G7,'Clients'!A:A,'Clients'!B:B,"Not found") -> Royal GP Practice | O7: =_xlfn.XLOOKUP(G7,'Clients'!A:A,'Clients'!F:F,"Not found") -> North West | S7: 0.32 | T7: Crown GP Practice
A8: 12 | B8: 59 | C8: =_xlfn.XLOOKUP(A8,'Clients'!A:A,'Clients'!B:B,"Not found") -> Zenith Private Hospital | D8: =_xlfn.XLOOKUP(A8,'Clients'!A:A,'Clients'!F:F,"Not found") -> South East | G8: 9 | H8: 40 | I8: 0.70175439 | J8: 17 | K8: 0.29824561 | L8: 57 | M8: 1 | N8: =_xlfn.XLOOKUP(G8,'Clients'!A:A,'Clients'!B:B,"Not found") -> Queensbury GP Practice | O8: =_xlfn.XLOOKUP(G8,'Clients'!A:A,'Clients'!F:F,"Not found") -> North East | S8: 0.30612245 | T8: Northbrook Dental Group
A9: 50 | B9: 59 | C9: =_xlfn.XLOOKUP(A9,'Clients'!A:A,'Clients'!B:B,"Not found") -> Ironbridge Physiotherapy | D9: =_xlfn.XLOOKUP(A9,'Clients'!A:A,'Clients'!F:F,"Not found") -> North West | G9: 52 | H9: 46 | I9: 0.74193548 | J9: 16 | K9: 0.25806452 | L9: 62 | M9: 1 | N9: =_xlfn.XLOOKUP(G9,'Clients'!A:A,'Clients'!B:B,"Not found") -> Central Specialist Services | O9: =_xlfn.XLOOKUP(G9,'Clients'!A:A,'Clients'!F:F,"Not found") -> Scotland | S9: 0.29824561 | T9: Royal GP Practice
A10: 36 | B10: 58 | C10: =_xlfn.XLOOKUP(A10,'Clients'!A:A,'Clients'!B:B,"Not found") -> Pennine Health Group | D10: =_xlfn.XLOOKUP(A10,'Clients'!A:A,'Clients'!F:F,"Not found") -> South East | G10: 12 | H10: 43 | I10: 0.72881356 | J10: 16 | K10: 0.27118644 | L10: 59 | M10: 1 | N10: =_xlfn.XLOOKUP(G10,'Clients'!A:A,'Clients'!B:B,"Not found") -> Zenith Private Hospital | O10: =_xlfn.XLOOKUP(G10,'Clients'!A:A,'Clients'!F:F,"Not found") -> South East | S10: 0.29824561 | T10: Queensbury GP Practice
A11: 28 | B11: 58 | C11: =_xlfn.XLOOKUP(A11,'Clients'!A:A,'Clients'!B:B,"Not found") -> Devonshire Medical Centre | D11: =_xlfn.XLOOKUP(A11,'Clients'!A:A,'Clients'!F:F,"Not found") -> Yorkshire | G11: 62 | H11: 34 | I11: 0.68 | J11: 16 | K11: 0.32 | L11: 50 | M11: 1 | N11: =_xlfn.XLOOKUP(G11,'Clients'!A:A,'Clients'!B:B,"Not found") -> Crown GP Practice | O11: =_xlfn.XLOOKUP(G11,'Clients'!A:A,'Clients'!F:F,"Not found") -> Scotland | S11: 0.2962963 | T11: Jubilee Health Services
A12: 78 | B12: 58 | C12: =_xlfn.XLOOKUP(A12,'Clients'!A:A,'Clients'!B:B,"Not found") -> County Health Clinic | D12: =_xlfn.XLOOKUP(A12,'Clients'!A:A,'Clients'!F:F,"Not found") -> Yorkshire | G12: 11 | H12: 34 | I12: 0.69387755 | J12: 15 | K12: 0.30612245 | L12: 49 | M12: 1 | N12: =_xlfn.XLOOKUP(G12,'Clients'!A:A,'Clients'!B:B,"Not found") -> Northbrook Dental Group | O12: =_xlfn.XLOOKUP(G12,'Clients'!A:A,'Clients'!F:F,"Not found") -> Midlands | S12: 0.28301887 | T12: Belmont Specialist Services
A13: 9 | B13: 57 | C13: =_xlfn.XLOOKUP(A13,'Clients'!A:A,'Clients'!B:B,"Not found") -> Queensbury GP Practice | D13: =_xlfn.XLOOKUP(A13,'Clients'!A:A,'Clients'!F:F,"Not found") -> North East | G13: 31 | H13: 38 | I13: 0.71698113 | J13: 15 | K13: 0.28301887 | L13: 53 | M13: 1 | N13: =_xlfn.XLOOKUP(G13,'Clients'!A:A,'Clients'!B:B,"Not found") -> Belmont Specialist Services | O13: =_xlfn.XLOOKUP(G13,'Clients'!A:A,'Clients'!F:F,"Not found") -> Yorkshire | S13: 0.2826087 | T13: Yardley Medical Centre
A14: 57 | B14: 57 | C14: =_xlfn.XLOOKUP(A14,'Clients'!A:A,'Clients'!B:B,"Not found") -> Royal GP Practice | D14: =_xlfn.XLOOKUP(A14,'Clients'!A:A,'Clients'!F:F,"Not found") -> North West | G14: 51 | H14: 45 | I14: 0.75 | J14: 15 | K14: 0.25 | L14: 60 | M14: 1 | N14: =_xlfn.XLOOKUP(G14,'Clients'!A:A,'Clients'!B:B,"Not found") -> County Medical Centre | O14: =_xlfn.XLOOKUP(G14,'Clients'!A:A,'Clients'!F:F,"Not found") -> Scotland | S14: 0.2826087 | T14: County Specialist Services
A15: 32 | B15: 56 | C15: =_xlfn.XLOOKUP(A15,'Clients'!A:A,'Clients'!B:B,"Not found") -> Oakfield Specialist Clinic | D15: =_xlfn.XLOOKUP(A15,'Clients'!A:A,'Clients'!F:F,"Not found") -> South East | G15: 34 | H15: 28 | I15: 0.66666667 | J15: 14 | K15: 0.33333333 | L15: 42 | M15: 1 | N15: =_xlfn.XLOOKUP(G15,'Clients'!A:A,'Clients'!B:B,"Not found") -> Marshfield Health Associates | O15: =_xlfn.XLOOKUP(G15,'Clients'!A:A,'Clients'!F:F,"Not found") -> North West | S15: 0.27118644 | T15: Zenith Private Hospital
A16: 26 | B16: 55 | C16: =_xlfn.XLOOKUP(A16,'Clients'!A:A,'Clients'!B:B,"Not found") -> Copperfield GP Practice | D16: =_xlfn.XLOOKUP(A16,'Clients'!A:A,'Clients'!F:F,"Not found") -> North West | G16: 8 | H16: 41 | I16: 0.74545455 | J16: 14 | K16: 0.25454545 | L16: 55 | M16: 1 | N16: =_xlfn.XLOOKUP(G16,'Clients'!A:A,'Clients'!B:B,"Not found") -> Edgehill Private Hospital | O16: =_xlfn.XLOOKUP(G16,'Clients'!A:A,'Clients'!F:F,"Not found") -> Scotland | S16: 0.27083333 | T16: District GP Practice
A17: 61 | B17: 55 | C17: =_xlfn.XLOOKUP(A17,'Clients'!A:A,'Clients'!B:B,"Not found") -> City Specialist Services | D17: =_xlfn.XLOOKUP(A17,'Clients'!A:A,'Clients'!F:F,"Not found") -> Midlands | G17: 36 | H17: 44 | I17: 0.75862069 | J17: 14 | K17: 0.24137931 | L17: 58 | M17: 1 | N17: =_xlfn.XLOOKUP(G17,'Clients'!A:A,'Clients'!B:B,"Not found") -> Pennine Health Group | O17: =_xlfn.XLOOKUP(G17,'Clients'!A:A,'Clients'!F:F,"Not found") -> South East | S17: 0.26865672 | T17: Bridgeway Private Hospital
... A26: 1 | B26: 52 | C26: =_xlfn.XLOOKUP(A26,'Clients'!A:A,'Clients'!B:B,"Not found") -> Ashworth Medical Centre | D26: =_xlfn.XLOOKUP(A26,'Clients'!A:A,'Clients'!F:F,"Not found") -> South East | G26: 63 | H26: 41 | I26: 0.77358491 | J26: 12 | K26: 0.22641509 | L26: 53 | M26: 1 | N26: =_xlfn.XLOOKUP(G26,'Clients'!A:A,'Clients'!B:B,"Not found") -> District Specialist Services | O26: =_xlfn.XLOOKUP(G26,'Clients'!A:A,'Clients'!F:F,"Not found") -> North East | S26: 0.25 | T26: Central Health Clinic
A27: Grand Total | B27: 1297 | G27: 28 | H27: 46 | I27: 0.79310345 | J27: 12 | K27: 0.20689655 | L27: 58 | M27: 1 | N27: =_xlfn.XLOOKUP(G27,'Clients'!A:A,'Clients'!B:B,"Not found") -> Devonshire Medical Centre | O27: =_xlfn.XLOOKUP(G27,'Clients'!A:A,'Clients'!F:F,"Not found") -> Yorkshire | S27: 0.25 | T27: City Specialist Services
G28: 14 | H28: 37 | I28: 0.75510204 | J28: 12 | K28: 0.24489796 | L28: 49 | M28: 1 | N28: =_xlfn.XLOOKUP(G28,'Clients'!A:A,'Clients'!B:B,"Not found") -> Orchard Medical Centre | O28: =_xlfn.XLOOKUP(G28,'Clients'!A:A,'Clients'!F:F,"Not found") -> Yorkshire | S28: 0.24528302 | T28: Central GP Practice
G29: 76 | H29: 34 | I29: 0.73913043 | J29: 12 | K29: 0.26086957 | L29: 46 | M29: 1 | N29: =_xlfn.XLOOKUP(G29,'Clients'!A:A,'Clients'!B:B,"Not found") -> Crown Health Clinic | O29: =_xlfn.XLOOKUP(G29,'Clients'!A:A,'Clients'!F:F,"Not found") -> Midlands | S29: 0.24489796 | T29: Orchard Medical Centre
G30: 60 | H30: 34 | I30: 0.75555556 | J30: 11 | K30: 0.24444444 | L30: 45 | M30: 1 | N30: =_xlfn.XLOOKUP(G30,'Clients'!A:A,'Clients'!B:B,"Not found") -> District Health Clinic | O30: =_xlfn.XLOOKUP(G30,'Clients'!A:A,'Clients'!F:F,"Not found") -> North East | S30: 0.24444444 | T30: District Health Clinic
G31: 37 | H31: 37 | I31: 0.77083333 | J31: 11 | K31: 0.22916667 | L31: 48 | M31: 1 | N31: =_xlfn.XLOOKUP(G31,'Clients'!A:A,'Clients'!B:B,"Not found") -> Riverside Mental Health Services | O31: =_xlfn.XLOOKUP(G31,'Clients'!A:A,'Clients'!F:F,"Not found") -> Yorkshire | S31: 0.24444444 | T31: CrestCare Dental Group
G32: 2 | H32: 40 | I32: 0.78431373 | J32: 11 | K32: 0.21568627 | L32: 51 | M32: 1 | N32: =_xlfn.XLOOKUP(G32,'Clients'!A:A,'Clients'!B:B,"Not found") -> Unity Health Clinic | O32: =_xlfn.XLOOKUP(G32,'Clients'!A:A,'Clients'!F:F,"Not found") -> Midlands | S32: 0.24137931 | T32: Pennine Health Group
G33: 21 | H33: 31 | I33: 0.73809524 | J33: 11 | K33: 0.26190476 | L33: 42 | M33: 1 | N33: =_xlfn.XLOOKUP(G33,'Clients'!A:A,'Clients'!B:B,"Not found") -> Greenacre Dental Centre | O33: =_xlfn.XLOOKUP(G33,'Clients'!A:A,'Clients'!F:F,"Not found") -> North West | S33: 0.23913043 | T33: Royal GP Practice
G34: 59 | H34: 35 | I34: 0.76086957 | J34: 11 | K34: 0.23913043 | L34: 46 | M34: 1 | N34: =_xlfn.XLOOKUP(G34,'Clients'!A:A,'Clients'!B:B,"Not found") -> Royal GP Practice | O34: =_xlfn.XLOOKUP(G34,'Clients'!A:A,'Clients'!F:F,"Not found") -> Midlands | S34: 0.23913043 | T34: District Health Clinic
G35: 19 | H35: 34 | I35: 0.75555556 | J35: 11 | K35: 0.24444444 | L35: 45 | M35: 1 | N35: =_xlfn.XLOOKUP(G35,'Clients'!A:A,'Clients'!B:B,"Not found") -> CrestCare Dental Group | O35: =_xlfn.XLOOKUP(G35,'Clients'!A:A,'Clients'!F:F,"Not found") -> South East | S35: 0.23809524 | T35: Southbank Medical Associates
G36: 50 | H36: 48 | I36: 0.81355932 | J36: 11 | K36: 0.18644068 | L36: 59 | M36: 1 | N36: =_xlfn.XLOOKUP(G36,'Clients'!A:A,'Clients'!B:B,"Not found") -> Ironbridge Physiotherapy | O36: =_xlfn.XLOOKUP(G36,'Clients'!A:A,'Clients'!F:F,"Not found") -> North West | S36: 0.23076923 | T36: Arcadia Health Group
G37: 80 | H37: 35 | I37: 0.76086957 | J37: 11 | K37: 0.23913043 | L37: 46 | M37: 1 | N37: =_xlfn.XLOOKUP(G37,'Clients'!A:A,'Clients'!B:B,"Not found") -> District Health Clinic | O37: =_xlfn.XLOOKUP(G37,'Clients'!A:A,'Clients'!F:F,"Not found") -> Midlands | S37: 0.22916667 | T37: Riverside Mental Health Services
G38: 72 | H38: 33 | I38: 0.75 | J38: 11 | K38: 0.25 | L38: 44 | M38: 1 | N38: =_xlfn.XLOOKUP(G38,'Clients'!A:A,'Clients'!B:B,"Not found") -> City Specialist Services | O38: =_xlfn.XLOOKUP(G38,'Clients'!A:A,'Clients'!F:F,"Not found") -> Midlands | S38: 0.22641509 | T38: District Specialist Services
G39: 32 | H39: 46 | I39: 0.82142857 | J39: 10 | K39: 0.17857143 | L39: 56 | M39: 1 | N39: =_xlfn.XLOOKUP(G39,'Clients'!A:A,'Clients'!B:B,"Not found") -> Oakfield Specialist Clinic | O39: =_xlfn.XLOOKUP(G39,'Clients'!A:A,'Clients'!F:F,"Not found") -> South East | S39: 0.225 | T39: Queensgate Health Services
... G77: 5 | H77: 37 | I77: 0.86046512 | J77: 6 | K77: 0.13953488 | L77: 43 | M77: 1 | N77: =_xlfn.XLOOKUP(G77,'Clients'!A:A,'Clients'!B:B,"Not found") -> Parkside Specialist Clinic | O77: =_xlfn.XLOOKUP(G77,'Clients'!A:A,'Clients'!F:F,"Not found") -> Scotland | S77: 0.12068966 | T77: County Health Clinic
G78: Grand Total | H78: 2746 | I78: 0.78457143 | J78: 754 | K78: 0.21542857 | L78: 3500 | M78: 1

Sheet Descriptive Statistics
A1: Statistic | B1: Response Time (Hours) | C1: Resolution Time (Hours)
A2: Mean | B2: =AVERAGE(Tickets_Clean[Response Time (Hours)]) -> 5.0574455 | C2: =AVERAGE(Tickets_Clean[Resolution Time (hours)]) -> 40.85616
A3: Median | B3: =MEDIAN(Tickets_Clean[Response Time (Hours)]) -> 3.1 | C3: =MEDIAN(Tickets_Clean[Resolution Time (hours)]) -> 30.4
A4: Minimum | B4: =MIN(Tickets_Clean[Response Time (Hours)]) -> 0.15 | C4: =MIN(Tickets_Clean[Resolution Time (hours)]) -> 0.63333333
A5: Maximum | B5: =MAX(Tickets_Clean[Response Time (Hours)]) -> 66.5 | C5: =MAX(Tickets_Clean[Resolution Time (hours)]) -> 290.13333
A6: Standard Deviation | B6: =_xlfn.STDEV.S(Tickets_Clean[Response Time (Hours)]) -> 6.4973886 | C6: =_xlfn.STDEV.S(Tickets_Clean[Resolution Time (hours)]) -> 38.614549
A7: 75th Percentile | B7: =_xlfn.PERCENTILE.INC(Tickets_Clean[Response Time (Hours)],0.75) -> 6 | C7: =_xlfn.PERCENTILE.INC(Tickets_Clean[Resolution Time (hours)],0.75) -> 53.666667
A8: 90th Percentile | B8: =_xlfn.PERCENTILE.INC(Tickets_Clean[Response Time (Hours)],0.9) -> 10.475 | C8: =_xlfn.PERCENTILE.INC(Tickets_Clean[Resolution Time (hours)],0.9) -> 91.733333

Sheet Tickets_Clean
A1: TicketID | B1: TicketReference | C1: ClientID | D1: PatientRef | E1: CategoryID | F1: PriorityID | G1: Status | H1: AssignedAgentID | I1: CreatedAt | J1: FirstResponseAt | K1: ResolvedAt | L1: SLADueAt | M1: SLABreached | N1: Channel | O1: Description | P1: ResolutionNotes | Q1: Index | R1: SLABREACHCHECK | S1: Response Time | T1: Resolution Time (hours) | U1: SLA_STATUS | V1: BREACHED TICKETS | W1: Response Time (Hours)
A2: 1 | B2: NB-2024-00001 | C2: 70 | D2: PT-81496 | E2: 5 | F2: 3 | G2: Closed | H2: 111 | I2: 45497.987 | J2: 45498.102 | K2: 45500.441 | L2: 45500.987 | M2: 0 | N2: Phone | O2: Request for discharge summary for patient PT-81496. | P2: Insurance medical report completed and submitted to insurer within agreed timeframe. | Q2: 0 | R2: OK | S2: 2.7666667 | T2: 58.9 | U2: Within SLA | V2: 0 | W2: 2.7666667
A3: 2 | B3: NB-2024-00002 | C3: 51 | D3: PT-99051 | E3: 2 | F3: 1 | G3: Closed | H3: 32 | I3: 45602.99 | J3: 45603.048 | K3: 45603.197 | L3: 45603.323 | M3: 0 | N3: Portal | O3: Query regarding invoice 28714 dated 09 Oct 2024. Client reports disputed amount of £192. | P3: Charge dispute investigated. Original amount validated as correct; breakdown sent to client. | Q3: 1 | R3: OK | S3: 1.4 | T3: 4.9833333 | U3: Within SLA | V3: 0 | W3: 1.4
A4: 3 | B4: NB-2024-00003 | C4: 53 | D4: PT-24869 | E4: 3 | F4: 3 | G4: Closed | H4: 57 | I4: 45505.235 | J4: 45505.415 | K4: 45506.608 | L4: 45508.235 | M4: 0 | N4: Portal | O4: Pre-authorisation request for outpatient consultation. Patient PT-24869. Insurer: Vitality. | P4: Pre-auth declined by insurer. Patient advised of self-pay options and appeal pathway. | Q4: 2 | R4: OK | S4: 4.3166667 | T4: 32.933333 | U4: Within SLA | V4: 0 | W4: 4.3166667
A5: 4 | B5: NB-2024-00004 | C5: 11 | D5: PT-55537 | E5: 1 | F5: 2 | G5: Closed | H5: 22 | I5: 45629.557 | J5: 45629.616 | K5: 45630.314 | L5: 45630.057 | M5: 1 | N5: Form | O5: Patient PT-55537 requesting addition of appointment originally booked for 05 Dec 2024. | P5: Cancellation processed. New appointment booked for following week per patient request. | Q5: 3 | R5: OK | S5: 1.4166667 | T5: 18.166667 | U5: Breached | V5: 1 | W5: 1.4166667
A6: 5 | B6: NB-2023-00005 | C6: 70 | D6: PT-50539 | E6: 3 | F6: 2 | G6: Resolved | H6: 52 | I6: 44968.164 | J6: 44968.269 | K6: 44968.518 | L6: 44969.164 | M6: 0 | N6: Phone | O6: Pre-authorisation request for surgical procedure. Patient PT-50539. Insurer: WPA. | P6: Pre-authorisation confirmed with insurer. Reference number provided to client. | Q6: 4 | R6: OK | S6: 2.5166667 | T6: 8.5 | U6: Within SLA | V6: 0 | W6: 2.5166667
A7: 6 | B7: NB-2023-00006 | C7: 79 | D7: PT-31581 | E7: 3 | F7: 3 | G7: Closed | H7: 104 | I7: 45210.003 | J7: 45210.186 | K7: 45210.796 | L7: 45212.003 | M7: 0 | N7: Form | O7: Pre-authorisation request for physiotherapy course. Patient PT-31581. Insurer: Bupa. | P7: Policy coverage query resolved. Benefit schedule sent to patient for reference. | Q7: 5 | R7: OK | S7: 4.4 | T7: 19.033333 | U7: Within SLA | V7: 0 | W7: 4.4
A8: 7 | B8: NB-2023-00007 | C8: 23 | D8: PT-20646 | E8: 1 | F8: 3 | G8: Closed | H8: 107 | I8: 45193.284 | J8: 45193.426 | K8: 45194.972 | L8: 45195.284 | M8: 0 | N8: Phone | O8: Patient PT-20646 requesting reschedule of appointment originally booked for 05 Oct 2023. | P8: Recurring appointment series updated following consultant schedule change. | Q8: 6 | R8: OK | S8: 3.4166667 | T8: 40.516667 | U8: Within SLA | V8: 0 | W8: 3.4166667
A9: 8 | B9: NB-2024-00008 | C9: 57 | D9: PT-50970 | E9: 2 | F9: 3 | G9: Resolved | H9: 57 | I9: 45389.381 | J9: 45389.479 | K9: 45390.745 | L9: 45391.381 | M9: 0 | N9: Email | O9: Query regarding invoice 55268 dated 25 Mar 2024. Client reports duplicate payment of £3165. | P9: Charge dispute investigated. Original amount validated as correct; breakdown sent to client. | Q9: 7 | R9: OK | S9: 2.3666667 | T9: 32.75 | U9: Within SLA | V9: 0 | W9: 2.3666667
A10: 9 | B10: NB-2024-00009 | C10: 8 | D10: PT-50988 | E10: 2 | F10: 2 | G10: Closed | H10: 46 | I10: 45378.162 | J10: 45378.599 | K10: 45380.565 | L10: 45379.162 | M10: 1 | N10: Portal | O10: Query regarding invoice 30885 dated 11 Mar 2024. Client reports disputed amount of £2092. | P10: Late payment fee waived as a goodwill gesture following system error. Account adjusted. | Q10: 8 | R10: OK | S10: 10.5 | T10: 57.683333 | U10: Breached | V10: 1 | W10: 10.5
A11: 10 | B11: NB-2024-00010 | C11: 8 | D11: PT-27555 | E11: 1 | F11: 3 | G11: Closed | H11: 87 | I11: 45364.405 | J11: 45364.562 | K11: 45365.508 | L11: 45367.405 | M11: 0 | N11: Phone | O11: Patient PT-27555 requesting cancellation of appointment originally booked for 25 Mar 2024. | P11: Cancellation processed. New appointment booked for following week per patient request. | Q11: 9 | R11: OK | S11: 3.7666667 | T11: 26.483333 | U11: Within SLA | V11: 0 | W11: 3.7666667
A12: 11 | B12: NB-2024-00011 | C12: 79 | D12: PT-57920 | E12: 1 | F12: 3 | G12: Resolved | H12: 104 | I12: 45361.864 | J12: 45362.149 | K12: 45362.891 | L12: 45363.864 | M12: 0 | N12: Portal | O12: Patient PT-57920 requesting reschedule of appointment originally booked for 14 Mar 2024. | P12: Urgent appointment arranged within 24 hours following GP referral. Patient notified. | Q12: 10 | R12: OK | S12: 6.8333333 | T12: 24.65 | U12: Within SLA | V12: 0 | W12: 6.8333333
A13: 12 | B13: NB-2023-00012 | C13: 72 | D13: PT-76494 | E13: 2 | F13: 3 | G13: Resolved | H13: 38 | I13: 45144.475 | J13: 45144.587 | K13: 45148.297 | L13: 45146.475 | M13: 1 | N13: Form | O13: Query regarding invoice 74205 dated 14 Jul 2023. Client reports missing credit of £1995. | P13: Late payment fee waived as a goodwill gesture following system error. Account adjusted. | Q13: 11 | R13: OK | S13: 2.6833333 | T13: 91.733333 | U13: Breached | V13: 1 | W13: 2.6833333
... A18: 17 | B18: NB-2023-00017 | C18: 41 | D18: PT-32946 | E18: 3 | F18: 2 | G18: Closed | H18: 104 | I18: 45019.239 | J18: 45019.3 | K18: 45020.426 | L18: 45019.739 | M18: 1 | N18: Email | O18: Pre-authorisation request for surgical procedure. Patient PT-32946. Insurer: Aviva. | P18: Pre-authorisation confirmed with insurer. Reference number provided to client. | Q18: 16 | R18: OK | S18: 1.4666667 | T18: 28.483333 | U18: Breached | V18: 1 | W18: 1.4666667
A19: 18 | B19: NB-2025-00018 | C19: 64 | D19: PT-76088 | E19: 5 | F19: 3 | G19: Open | H19: 75 | I19: 45741.833 | L19: 45743.833 | M19: 0 | N19: Form | O19: Request for discharge summary for patient PT-76088. | Q19: 17 | R19: OPEN_TICKET | U19: Within SLA | V19: 0
A20: 19 | B20: NB-2023-00019 | C20: 43 | D20: PT-22502 | E20: 1 | F20: 3 | G20: Closed | H20: 22 | I20: 45227.399 | J20: 45227.492 | K20: 45228.503 | L20: 45229.399 | M20: 0 | N20: Phone | O20: Patient PT-22502 requesting reschedule of appointment originally booked for 31 Oct 2023. | P20: Urgent appointment arranged within 24 hours following GP referral. Patient notified. | Q20: 18 | R20: OK | S20: 2.2333333 | T20: 26.516667 | U20: Within SLA | V20: 0 | W20: 2.2333333
A21: 20 | B21: NB-2023-00020 | C21: 34 | D21: PT-50760 | E21: 1 | F21: 3 | G21: Resolved | H21: 107 | I21: 45023.84 | J21: 45024.04 | K21: 45030.05 | L21: 45026.84 | M21: 1 | N21: Email | O21: Patient PT-50760 requesting addition of appointment originally booked for 09 Apr 2023. | P21: Cancellation processed. New appointment booked for following week per patient request. | Q21: 19 | R21: OK | S21: 4.8166667 | T21: 149.05 | U21: Breached | V21: 1 | W21: 4.8166667
A22: 21 | B22: NB-2023-00021 | C22: 66 | D22: PT-20237 | E22: 2 | F22: 3 | G22: Closed | H22: 107 | I22: 45266.624 | J22: 45266.815 | K22: 45268.11 | L22: 45268.624 | M22: 0 | N22: Email | O22: Query regarding invoice 18094 dated 09 Nov 2023. Client reports duplicate payment of £2395. | P22: Charge dispute investigated. Original amount validated as correct; breakdown sent to client. | Q22: 20 | R22: OK | S22: 4.5833333 | T22: 35.683333 | U22: Within SLA | V22: 0 | W22: 4.5833333
A23: 22 | B23: NB-2024-00022 | C23: 72 | D23: PT-50392 | E23: 3 | F23: 3 | G23: Resolved | H23: 116 | I23: 45619.366 | J23: 45619.473 | K23: 45620.814 | L23: 45621.366 | M23: 0 | N23: Email | O23: Pre-authorisation request for diagnostic imaging. Patient PT-50392. Insurer: WPA. | P23: Policy coverage query resolved. Benefit schedule sent to patient for reference. | Q23: 21 | R23: OK | S23: 2.5666667 | T23: 34.75 | U23: Within SLA | V23: 0 | W23: 2.5666667
A24: 23 | B24: NB-2025-00023 | C24: 10 | D24: PT-59081 | E24: 2 | F24: 1 | G24: Resolved | H24: 9 | I24: 45660.67 | J24: 45660.684 | K24: 45660.746 | L24: 45660.753 | M24: 0 | N24: Email | O24: Query regarding invoice 59479 dated 21 Dec 2024. Client reports incorrect charge of £2846. | P24: Late payment fee waived as a goodwill gesture following system error. Account adjusted. | Q24: 22 | R24: OK | S24: 0.33333333 | T24: 1.8166667 | U24: Within SLA | V24: 0 | W24: 0.33333333
A25: 24 | B25: NB-2023-00024 | C25: 1 | D25: PT-30332 | E25: 1 | F25: 4 | G25: Closed | H25: 35 | I25: 44962.651 | J25: 44962.915 | K25: 44965.012 | L25: 44966.651 | M25: 0 | N25: Phone | O25: Patient PT-30332 requesting cancellation of appointment originally booked for 09 Feb 2023. | P25: Recurring appointment series updated following consultant schedule change. | Q25: 23 | R25: OK | S25: 6.3166667 | T25: 56.65 | U25: Within SLA | V25: 0 | W25: 6.3166667
A26: 25 | B26: NB-2024-00025 | C26: 8 | D26: PT-47914 | E26: 2 | F26: 3 | G26: Closed | H26: 105 | I26: 45307.515 | J26: 45307.765 | K26: 45308.679 | L26: 45310.515 | M26: 0 | N26: Email | O26: Query regarding invoice 85511 dated 05 Jan 2024. Client reports missing credit of £1020. | P26: Billing query resolved following confirmation from insurer. Payment processing initiated. | Q26: 24 | R26: OK | S26: 6.0166667 | T26: 27.95 | U26: Within SLA | V26: 0 | W26: 6.0166667
A27: 26 | B27: NB-2023-00026 | C27: 70 | D27: PT-59343 | E27: 3 | F27: 3 | G27: Closed | H27: 50 | I27: 45000.165 | J27: 45000.328 | K27: 45001.347 | L27: 45003.165 | M27: 0 | N27: Form | O27: Pre-authorisation request for physiotherapy course. Patient PT-59343. Insurer: Cigna. | P27: Pre-auth declined by insurer. Patient advised of self-pay options and appeal pathway. | Q27: 25 | R27: OK | S27: 3.9333333 | T27: 28.383333 | U27: Within SLA | V27: 0 | W27: 3.9333333
A28: 27 | B28: NB-2024-00027 | C28: 35 | D28: PT-16755 | E28: 2 | F28: 2 | G28: Resolved | H28: 27 | I28: 45323.455 | J28: 45323.542 | K28: 45324.278 | L28: 45324.455 | M28: 0 | N28: Email | O28: Query regarding invoice 98299 dated 12 Jan 2024. Client reports incorrect charge of £348. | P28: Billing query resolved following confirmation from insurer. Payment processing initiated. | Q28: 26 | R28: OK | S28: 2.1 | T28: 19.75 | U28: Within SLA | V28: 0 | W28: 2.1
A29: 28 | B29: NB-2025-00028 | C29: 19 | D29: PT-71112 | E29: 1 | F29: 2 | G29: Closed | H29: 28 | I29: 45671.31 | J29: 45671.348 | K29: 45671.55 | L29: 45671.81 | M29: 0 | N29: Portal | O29: Patient PT-71112 requesting addition of appointment originally booked for 25 Jan 2025. | P29: Appointment moved from afternoon to morning slot. Patient and GP practice both confirmed. | Q29: 27 | R29: OK | S29: 0.9 | T29: 5.75 | U29: Within SLA | V29: 0 | W29: 0.9
A30: 29 | B30: NB-2023-00029 | C30: 32 | D30: PT-59786 | E30: 2 | F30: 3 | G30: Closed | H30: 8 | I30: 45154.016 | J30: 45154.199 | K30: 45155.54 | L30: 45157.016 | M30: 0 | N30: Email | O30: Query regarding invoice 42208 dated 31 Jul 2023. Client reports missing credit of £1104. | P30: Billing query resolved following confirmation from insurer. Payment processing initiated. | Q30: 28 | R30: OK | S30: 4.4 | T30: 36.566667 | U30: Within SLA | V30: 0 | W30: 4.4
A31: 30 | B31: NB-2023-00030 | C31: 78 | D31: PT-92667 | E31: 3 | F31: 3 | G31: Closed | H31: 71 | I31: 45018.57 | J31: 45019.304 | K31: 45020.249 | L31: 45021.57 | M31: 0 | N31: Email | O31: Pre-authorisation request for surgical procedure. Patient PT-92667. Insurer: Vitality. | P31: Pre-auth declined by insurer. Patient advised of self-pay options and appeal pathway. | Q31: 29 | R31: OK | S31: 17.616667 | T31: 40.3 | U31: Within SLA | V31: 0 | W31: 17.616667
... A39: 38 | B39: NB-2024-00038 | C39: 48 | D39: PT-72784 | E39: 4 | F39: 2 | G39: Closed | H39: 109 | I39: 45596.272 | J39: 45596.352 | K39: 45597.01 | L39: 45597.272 | M39: 0 | N39: Portal | O39: Formal complaint submitted by GP practice regarding poor communication. Reference needed. | P39: Complaint resolved following discussion with client. Compensation of £452 agreed and authorised. | Q39: 37 | R39: OK | S39: 1.9166667 | T39: 17.7 | U39: Within SLA | V39: 0 | W39: 1.9166667
A40: 39 | B40: NB-2023-00039 | C40: 78 | D40: PT-48185 | E40: 1 | F40: 3 | G40: Escalated | H40: 108 | I40: 45206.84 | J40: 45207.128 | L40: 45209.84 | M40: 1 | N40: Portal | O40: Patient PT-48185 requesting addition of appointment originally booked for 09 Oct 2023. | Q40: 38 | R40: OPEN_TICKET | S40: 6.9166667 | U40: Breached | V40: 1 | W40: 6.9166667
A41: 40 | B41: NB-2025-00040 | C41: 63 | D41: PT-57124 | E41: 2 | F41: 2 | G41: Closed | H41: 78 | I41: 45671.798 | J41: 45672.172 | K41: 45672.597 | L41: 45672.798 | M41: 0 | N41: Phone | O41: Query regarding invoice 80373 dated 25 Dec 2024. Client reports incorrect charge of £497. | P41: Late payment fee waived as a goodwill gesture following system error. Account adjusted. | Q41: 39 | R41: OK | S41: 8.9833333 | T41: 19.166667 | U41: Within SLA | V41: 0 | W41: 8.9833333
A42: 41 | B42: NB-2023-00041 | C42: 61 | D42: PT-59036 | E42: 5 | F42: 3 | G42: Resolved | H42: 1 | I42: 45091.912 | J42: 45092.124 | K42: 45093.23 | L42: 45094.912 | M42: 0 | N42: Email | O42: Request for insurance medical report for patient PT-59036. | P42: Medical records compiled and securely transmitted to requesting party within 72 hours. | Q42: 40 | R42: OK | S42: 5.0833333 | T42: 31.633333 | U42: Within SLA | V42: 0 | W42: 5.0833333
A43: 42 | B43: NB-2025-00042 | C43: 30 | D43: PT-69303 | E43: 1 | F43: 3 | G43: Open | H43: 79 | I43: 45736.857 | L43: 45738.857 | M43: 0 | N43: Email | O43: Patient PT-69303 requesting cancellation of appointment originally booked for 22 Mar 2025. | Q43: 41 | R43: OPEN_TICKET | U43: Within SLA | V43: 0
A44: 43 | B44: NB-2024-00043 | C44: 24 | D44: PT-61849 | E44: 1 | F44: 2 | G44: Closed | H44: 96 | I44: 45441.508 | J44: 45441.564 | K44: 45441.865 | L44: 45442.008 | M44: 0 | N44: Phone | O44: Patient PT-61849 requesting reschedule of appointment originally booked for 10 Jun 2024. | P44: Cancellation processed. New appointment booked for following week per patient request. | Q44: 42 | R44: OK | S44: 1.35 | T44: 8.5666667 | U44: Within SLA | V44: 0 | W44: 1.35
A45: 44 | B45: NB-2023-00044 | C45: 10 | D45: PT-79168 | E45: 3 | F45: 3 | G45: Resolved | H45: 116 | I45: 45085.399 | J45: 45085.447 | K45: 45086.243 | L45: 45086.399 | M45: 0 | N45: Portal | O45: Pre-authorisation request for outpatient consultation. Patient PT-79168. Insurer: Vitality. | P45: Claim status updated to approved. Payment expected within 5–7 working days. | Q45: 43 | R45: OK | S45: 1.15 | T45: 20.25 | U45: Within SLA | V45: 0 | W45: 1.15
A46: 45 | B46: NB-2024-00045 | C46: 21 | D46: PT-85340 | E46: 5 | F46: 3 | G46: Resolved | H46: 13 | I46: 45413.85 | J46: 45413.915 | K46: 45415.201 | L46: 45415.85 | M46: 0 | N46: Email | O46: Request for GP referral letter for patient PT-85340. | P46: Fit-to-work certificate issued following confirmation from treating clinician. | Q46: 44 | R46: OK | S46: 1.55 | T46: 32.433333 | U46: Within SLA | V46: 0 | W46: 1.55
A47: 46 | B47: NB-2023-00046 | C47: 69 | D47: PT-68176 | E47: 4 | F47: 4 | G47: Closed | H47: 34 | I47: 45139.432 | J47: 45140.029 | K47: 45142.242 | L47: 45144.432 | M47: 0 | N47: Portal | O47: Formal complaint submitted by patient regarding poor communication. Reference needed. | P47: Complaint closed following satisfactory resolution. Client confirmed acceptance of outcome. | Q47: 45 | R47: OK | S47: 14.333333 | T47: 67.433333 | U47: Within SLA | V47: 0 | W47: 14.333333
A48: 47 | B48: NB-2025-00047 | C48: 70 | D48: PT-15453 | E48: 3 | F48: 3 | G48: In Progress | H48: 13 | I48: 45720.842 | J48: 45721.141 | L48: 45723.842 | M48: 0 | N48: Phone | O48: Pre-authorisation request for diagnostic imaging. Patient PT-15453. Insurer: Vitality. | Q48: 46 | R48: OPEN_TICKET | S48: 7.1666667 | U48: Within SLA | V48: 0 | W48: 7.1666667
A49: 48 | B49: NB-2023-00048 | C49: 62 | D49: PT-66120 | E49: 1 | F49: 3 | G49: Resolved | H49: 116 | I49: 45109.686 | J49: 45109.745 | K49: 45111.621 | L49: 45110.686 | M49: 1 | N49: Portal | O49: Patient PT-66120 requesting reschedule of appointment originally booked for 12 Jul 2023. | P49: Recurring appointment series updated following consultant schedule change. | Q49: 47 | R49: OK | S49: 1.4166667 | T49: 46.433333 | U49: Breached | V49: 1 | W49: 1.4166667
A50: 49 | B50: NB-2024-00049 | C50: 43 | D50: PT-46349 | E50: 1 | F50: 3 | G50: Closed | H50: 90 | I50: 45342.636 | J50: 45342.782 | K50: 45344.394 | L50: 45344.636 | M50: 0 | N50: Form | O50: Patient PT-46349 requesting addition of appointment originally booked for 23 Feb 2024. | P50: Recurring appointment series updated following consultant schedule change. | Q50: 48 | R50: OK | S50: 3.5 | T50: 42.183333 | U50: Within SLA | V50: 0 | W50: 3.5
A51: 50 | B51: NB-2023-00050 | C51: 11 | D51: PT-10324 | E51: 3 | F51: 3 | G51: Resolved | H51: 54 | I51: 45071.951 | J51: 45072.228 | K51: 45075 | L51: 45073.951 | M51: 1 | N51: Phone | O51: Pre-authorisation request for specialist referral. Patient PT-10324. Insurer: Aviva. | P51: Insurer contacted; claim resubmitted with corrected diagnosis code. Outcome pending. | Q51: 49 | R51: OK | S51: 6.65 | T51: 73.183333 | U51: Breached | V51: 1 | W51: 6.65
A52: 51 | B52: NB-2025-00051 | C52: 20 | D52: PT-26284 | E52: 4 | F52: 2 | G52: Closed | H52: 107 | I52: 45681.279 | J52: 45681.339 | K52: 45681.869 | L52: 45682.279 | M52: 0 | N52: Email | O52: Formal complaint submitted by clinic manager regarding billing error. Reference needed. | P52: Complaint acknowledged and logged under ref CMP-6905. Full investigation completed within SLA. Apology letter sent. | Q52: 50 | R52: OK | S52: 1.4333333 | T52: 14.15 | U52: Within SLA | V52: 0 | W52: 1.4333333
A53: 52 | B53: NB-2023-00052 | C53: 25 | D53: PT-37973 | E53: 1 | F53: 3 | G53: Closed | H53: 59 | I53: 45007.782 | J53: 45007.828 | K53: 45008.142 | L53: 45008.782 | M53: 0 | N53: Phone | O53: Patient PT-37973 requesting cancellation of appointment originally booked for 24 Mar 2023. | P53: Appointment moved from afternoon to morning slot. Patient and GP practice both confirmed. | Q53: 51 | R53: OK | S53: 1.1166667 | T53: 8.6333333 | U53: Within SLA | V53: 0 | W53: 1.1166667
A54: 53 | B54: NB-2023-00053 | C54: 14 | D54: PT-98753 | E54: 2 | F54: 2 | G54: Closed | H54: 19 | I54: 45086.448 | J54: 45086.576 | K54: 45086.832 | L54: 45087.448 | M54: 0 | N54: Email | O54: Query regarding invoice 79534 dated 21 May 2023. Client reports incorrect charge of £2549. | P54: Duplicate charge identified and reversed. Updated invoice sent to client for reconciliation. | Q54: 52 | R54: OK | S54: 3.0666667 | T54: 9.2166667 | U54: Within SLA | V54: 0 | W54: 3.0666667
A55: 54 | B55: NB-2023-00054 | C55: 15 | D55: PT-94491 | E55: 4 | F55: 1 | G55: Closed | H55: 105 | I55: 45144.836 | J55: 45144.847 | K55: 45144.874 | L55: 45144.919 | M55: 0 | N55: Email | O55: Formal complaint submitted by clinic manager regarding billing error. Reference needed. | P55: Complaint closed following satisfactory resolution. Client confirmed acceptance of outcome. | Q55: 53 | R55: OK | S55: 0.26666667 | T55: 0.9 | U55: Within SLA | V55: 0 | W55: 0.26666667
A56: 55 | B56: NB-2024-00055 | C56: 8 | D56: PT-57329 | E56: 3 | F56: 2 | G56: Resolved | H56: 63 | I56: 45299.136 | J56: 45299.194 | K56: 45300.204 | L56: 45300.136 | M56: 1 | N56: Phone | O56: Pre-authorisation request for specialist referral. Patient PT-57329. Insurer: Cigna. | P56: Pre-authorisation confirmed with insurer. Reference number provided to client. | Q56: 54 | R56: OK | S56: 1.3833333 | T56: 25.633333 | U56: Breached | V56: 1 | W56: 1.3833333
A57: 56 | B57: NB-2024-00056 | C57: 9 | D57: PT-80471 | E57: 1 | F57: 3 | G57: Closed | H57: 90 | I57: 45545.566 | J57: 45545.751 | K57: 45547.676 | L57: 45548.566 | M57: 0 | N57: Email | O57: Patient PT-80471 requesting addition of appointment originally booked for 13 Sep 2024. | P57: Appointment moved from afternoon to morning slot. Patient and GP practice both confirmed. | Q57: 55 | R57: OK | S57: 4.4333333 | T57: 50.65 | U57: Within SLA | V57: 0 | W57: 4.4333333
A58: 57 | B58: NB-2023-00057 | C58: 34 | D58: PT-33022 | E58: 1 | F58: 3 | G58: Closed | H58: 28 | I58: 45017.287 | J58: 45017.508 | K58: 45019.588 | L58: 45020.287 | M58: 0 | N58: Email | O58: Patient PT-33022 requesting reschedule of appointment originally booked for 02 Apr 2023. | P58: Cancellation processed. New appointment booked for following week per patient request. | Q58: 56 | R58: OK | S58: 5.3166667 | T58: 55.233333 | U58: Within SLA | V58: 0 | W58: 5.3166667
A59: 58 | B59: NB-2024-00058 | C59: 60 | D59: PT-75484 | E59: 3 | F59: 1 | G59: Closed | H59: 71 | I59: 45349.84 | J59: 45349.855 | K59: 45349.928 | L59: 45350.007 | M59: 0 | N59: Email | O59: Pre-authorisation request for outpatient consultation. Patient PT-75484. Insurer: WPA. | P59: Pre-auth declined by insurer. Patient advised of self-pay options and appeal pathway. | Q59: 57 | R59: OK | S59: 0.35 | T59: 2.1 | U59: Within SLA | V59: 0 | W59: 0.35
A60: 59 | B60: NB-2025-00059 | C60: 7 | D60: PT-95944 | E60: 4 | F60: 1 | G60: Resolved | H60: 60 | I60: 45660.194 | J60: 45660.247 | K60: 45660.267 | L60: 45660.277 | M60: 0 | N60: Phone | O60: Formal complaint submitted by patient regarding data handling concern. Reference needed. | P60: Complaint acknowledged and logged under ref CMP-1862. Full investigation completed within SLA. Apology letter sent. | Q60: 58 | R60: OK | S60: 1.2666667 | T60: 1.75 | U60: Within SLA | V60: 0 | W60: 1.2666667
... A91: 90 | B91: NB-2024-00090 | C91: 73 | D91: PT-24943 | E91: 1 | F91: 3 | G91: Resolved | H91: 104 | I91: 45346.728 | J91: 45347.124 | K91: 45347.851 | L91: 45349.728 | M91: 0 | N91: Phone | O91: Patient PT-24943 requesting reschedule of appointment originally booked for 03 Mar 2024. | P91: Appointment moved from afternoon to morning slot. Patient and GP practice both confirmed. | Q91: 89 | R91: OK | S91: 9.5166667 | T91: 26.95 | U91: Within SLA | V91: 0 | W91: 9.5166667
A92: 91 | B92: NB-2025-00091 | C92: 30 | D92: PT-74763 | E92: 1 | F92: 3 | G92: Pending Client | H92: 43 | I92: 45674.019 | J92: 45674.079 | L92: 45676.019 | M92: 0 | N92: Email | O92: Patient PT-74763 requesting reschedule of appointment originally booked for 19 Jan 2025. | Q92: 90 | R92: OPEN_TICKET | S92: 1.45 | U92: Within SLA | V92: 0 | W92: 1.45
A93: 92 | B93: NB-2024-00092 | C93: 7 | D93: PT-28139 | E93: 1 | F93: 3 | G93: Resolved | H93: 47 | I93: 45378.713 | J93: 45378.743 | K93: 45379.042 | L93: 45379.713 | M93: 0 | N93: Portal | O93: Patient PT-28139 requesting addition of appointment originally booked for 07 Apr 2024. | P93: Cancellation processed. New appointment booked for following week per patient request. | Q93: 91 | R93: OK | S93: 0.71666667 | T93: 7.9 | U93: Within SLA | V93: 0 | W93: 0.71666667
A94: 93 | B94: NB-2025-00093 | C94: 55 | D94: PT-30892 | E94: 2 | F94: 3 | G94: Closed | H94: 114 | I94: 45670.26 | J94: 45670.324 | K94: 45672.097 | L94: 45672.26 | M94: 0 | N94: Phone | O94: Query regarding invoice 87430 dated 28 Dec 2024. Client reports disputed amount of £792. | P94: Duplicate charge identified and reversed. Updated invoice sent to client for reconciliation. | Q94: 92 | R94: OK | S94: 1.5333333 | T94: 44.083333 | U94: Within SLA | V94: 0 | W94: 1.5333333
A95: 94 | B95: NB-2023-00094 | C95: 7 | D95: PT-84057 | E95: 1 | F95: 3 | G95: Pending Client | H95: 32 | I95: 45025.722 | J95: 45025.884 | L95: 45026.722 | M95: 0 | N95: Portal | O95: Patient PT-84057 requesting reschedule of appointment originally booked for 20 Apr 2023. | Q95: 93 | R95: OPEN_TICKET | S95: 3.8833333 | U95: Within SLA | V95: 0 | W95: 3.8833333
A96: 95 | B96: NB-2023-00095 | C96: 8 | D96: PT-52026 | E96: 4 | F96: 2 | G96: Closed | H96: 94 | I96: 44945.423 | J96: 44945.522 | K96: 44946.196 | L96: 44946.423 | M96: 0 | N96: Form | O96: Formal complaint submitted by GP practice regarding delayed response. Reference needed. | P96: Patient complaint escalated to Operations Manager. Resolution meeting held; outcome agreed with client. | Q96: 94 | R96: OK | S96: 2.3833333 | T96: 18.55 | U96: Within SLA | V96: 0 | W96: 2.3833333
A97: 96 | B97: NB-2023-00096 | C97: 46 | D97: PT-21913 | E97: 1 | F97: 3 | G97: Pending Client | H97: 87 | I97: 45111.738 | J97: 45111.791 | L97: 45113.738 | M97: 0 | N97: Portal | O97: Patient PT-21913 requesting addition of appointment originally booked for 14 Jul 2023. | Q97: 95 | R97: OPEN_TICKET | S97: 1.2833333 | U97: Within SLA | V97: 0 | W97: 1.2833333
A98: 97 | B98: NB-2024-00097 | C98: 66 | D98: PT-48270 | E98: 4 | F98: 2 | G98: Resolved | H98: 100 | I98: 45491.692 | J98: 45491.717 | K98: 45492.041 | L98: 45492.192 | M98: 0 | N98: Phone | O98: Formal complaint submitted by GP practice regarding appointment handling. Reference needed. | P98: Complaint resolved following discussion with client. Compensation of £675 agreed and authorised. | Q98: 96 | R98: OK | S98: 0.6 | T98: 8.3833333 | U98: Within SLA | V98: 0 | W98: 0.6
A99: 98 | B99: NB-2023-00098 | C99: 56 | D99: PT-98098 | E99: 1 | F99: 4 | G99: Resolved | H99: 78 | I99: 45262.24 | J99: 45262.617 | K99: 45265.035 | L99: 45266.24 | M99: 0 | N99: Portal | O99: Patient PT-98098 requesting addition of appointment originally booked for 04 Dec 2023. | P99: Recurring appointment series updated following consultant schedule change. | Q99: 97 | R99: OK | S99: 9.05 | T99: 67.1 | U99: Within SLA | V99: 0 | W99: 9.05
A100: 99 | B100: NB-2023-00099 | C100: 26 | D100: PT-42537 | E100: 3 | F100: 4 | G100: Closed | H100: 9 | I100: 45126.767 | J100: 45128.674 | K100: 45131.353 | L100: 45131.767 | M100: 0 | N100: Phone | O100: Pre-authorisation request for diagnostic imaging. Patient PT-42537. Insurer: Bupa. | P100: Pre-auth declined by insurer. Patient advised of self-pay options and appeal pathway. | Q100: 98 | R100: OK | S100: 45.766667 | T100: 110.05 | U100: Within SLA | V100: 0 | W100: 45.766667
A101: 100 | B101: NB-2023-00100 | C101: 79 | D101: PT-33306 | E101: 4 | F101: 3 | G101: Closed | H101: 34 | I101: 45264.963 | J101: 45265.105 | K101: 45266.458 | L101: 45266.963 | M101: 0 | N101: Email | O101: Formal complaint submitted by family member regarding data handling concern. Reference needed. | P101: Patient complaint escalated to Operations Manager. Resolution meeting held; outcome agreed with client. | Q101: 99 | R101: OK | S101: 3.4 | T101: 35.883333 | U101: Within SLA | V101: 0 | W101: 3.4
A102: 101 | B102: NB-2025-00101 | C102: 2 | D102: PT-36201 | E102: 1 | F102: 3 | G102: Open | H102: 12 | I102: 45739.366 | L102: 45740.366 | M102: 0 | N102: Email | O102: Patient PT-36201 requesting cancellation of appointment originally booked for 05 Apr 2025. | Q102: 100 | R102: OPEN_TICKET | U102: Within SLA | V102: 0
A103: 102 | B103: NB-2023-00102 | C103: 16 | D103: PT-16157 | E103: 1 | F103: 3 | G103: Resolved | H103: 112 | I103: 45275.783 | J103: 45275.912 | K103: 45277.256 | L103: 45277.783 | M103: 0 | N103: Portal | O103: Patient PT-16157 requesting cancellation of appointment originally booked for 22 Dec 2023. | P103: Appointment moved from afternoon to morning slot. Patient and GP practice both confirmed. | Q103: 101 | R103: OK | S103: 3.1 | T103: 35.35 | U103: Within SLA | V103: 0 | W103: 3.1
A104: 103 | B104: NB-2023-00103 | C104: 29 | D104: PT-15326 | E104: 3 | F104: 3 | G104: Closed | H104: 40 | I104: 45227.922 | J104: 45228.214 | K104: 45229.047 | L104: 45230.922 | M104: 0 | N104: Phone | O104: Pre-authorisation request for specialist referral. Patient PT-15326. Insurer: Vitality. | P104: Claim status updated to approved. Payment expected within 5–7 working days. | Q104: 102 | R104: OK | S104: 7.0166667 | T104: 27 | U104: Within SLA | V104: 0 | W104: 7.0166667
A105: 104 | B105: NB-2025-00104 | C105: 44 | D105: PT-18936 | E105: 5 | F105: 3 | G105: Resolved | H105: 108 | I105: 45689.377 | J105: 45689.541 | K105: 45690.625 | L105: 45692.377 | M105: 0 | N105: Phone | O105: Request for fit-to-work certificate for patient PT-18936. | P105: Fit-to-work certificate issued following confirmation from treating clinician. | Q105: 103 | R105: OK | S105: 3.9333333 | T105: 29.95 | U105: Within SLA | V105: 0 | W105: 3.9333333
A106: 105 | B106: NB-2023-00105 | C106: 66 | D106: PT-99463 | E106: 5 | F106: 3 | G106: Closed | H106: 13 | I106: 44941.009 | J106: 44941.36 | K106: 44942.817 | L106: 44943.009 | M106: 0 | N106: Portal | O106: Request for clinical summary for patient PT-99463. | P106: Insurance medical report completed and submitted to insurer within agreed timeframe. | Q106: 104 | R106: OK | S106: 8.4166667 | T106: 43.4 | U106: Within SLA | V106: 0 | W106: 8.4166667
A107: 106 | B107: NB-2025-00106 | C107: 47 | D107: PT-80513 | E107: 1 | F107: 3 | G107: Open | H107: 11 | I107: 45725.64 | L107: 45728.64 | M107: 0 | N107: Form | O107: Patient PT-80513 requesting addition of appointment originally booked for 10 Mar 2025. | Q107: 105 | R107: OPEN_TICKET | U107: Within SLA | V107: 0
A108: 107 | B108: NB-2023-00107 | C108: 61 | D108: PT-33329 | E108: 2 | F108: 3 | G108: Escalated | H108: 105 | I108: 45039.368 | J108: 45039.476 | L108: 45042.368 | M108: 1 | N108: Portal | O108: Query regarding invoice 19232 dated 04 Apr 2023. Client reports duplicate payment of £1109. | Q108: 106 | R108: OPEN_TICKET | S108: 2.5833333 | U108: Breached | V108: 1 | W108: 2.5833333
A109: 108 | B109: NB-2023-00108 | C109: 19 | D109: PT-75907 | E109: 1 | F109: 3 | G109: Resolved | H109: 106 | I109: 44936.497 | J109: 44936.551 | K109: 44939.634 | L109: 44938.497 | M109: 1 | N109: Portal | O109: Patient PT-75907 requesting reschedule of appointment originally booked for 15 Jan 2023. | P109: Cancellation processed. New appointment booked for following week per patient request. | Q109: 107 | R109: OK | S109: 1.3166667 | T109: 75.3 | U109: Breached | V109: 1 | W109: 1.3166667
A110: 109 | B110: NB-2024-00109 | C110: 78 | D110: PT-11461 | E110: 1 | F110: 3 | G110: Closed | H110: 105 | I110: 45385.566 | J110: 45386.376 | K110: 45387.172 | L110: 45388.566 | M110: 0 | N110: Email | O110: Patient PT-11461 requesting addition of appointment originally booked for 17 Apr 2024. | P110: Appointment rescheduled to patient's preferred date. Confirmation sent via email and SMS. | Q110: 108 | R110: OK | S110: 19.45 | T110: 38.533333 | U110: Within SLA | V110: 0 | W110: 19.45
A111: 110 | B111: NB-2023-00110 | C111: 50 | D111: PT-25023 | E111: 3 | F111: 4 | G111: Closed | H111: 55 | I111: 45256.255 | J111: 45256.665 | K111: 45258.551 | L111: 45261.255 | M111: 0 | N111: Form | O111: Pre-authorisation request for specialist referral. Patient PT-25023. Insurer: Aviva. | P111: Pre-authorisation confirmed with insurer. Reference number provided to client. | Q111: 109 | R111: OK | S111: 9.85 | T111: 55.1 | U111: Within SLA | V111: 0 | W111: 9.85
A112: 111 | B112: NB-2024-00111 | C112: 48 | D112: PT-53036 | E112: 1 | F112: 3 | G112: Resolved | H112: 14 | I112: 45482.128 | J112: 45482.242 | K112: 45483.947 | L112: 45485.128 | M112: 0 | N112: Portal | O112: Patient PT-53036 requesting addition of appointment originally booked for 20 Jul 2024. | P112: Appointment rescheduled to patient's preferred date. Confirmation sent via email and SMS. | Q112: 110 | R112: OK | S112: 2.75 | T112: 43.65 | U112: Within SLA | V112: 0 | W112: 2.75
A113: 112 | B113: NB-2024-00112 | C113: 61 | D113: PT-82308 | E113: 3 | F113: 3 | G113: Closed | H113: 52 | I113: 45357.14 | J113: 45357.751 | K113: 45358.617 | L113: 45360.14 | M113: 0 | N113: Email | O113: Pre-authorisation request for physiotherapy course. Patient PT-82308. Insurer: Bupa. | P113: Pre-authorisation confirmed with insurer. Reference number provided to client. | Q113: 111 | R113: OK | S113: 14.666667 | T113: 35.45 | U113: Within SLA | V113: 0 | W113: 14.666667
A114: 113 | B114: NB-2024-00113 | C114: 4 | D114: PT-29481 | E114: 5 | F114: 4 | G114: Closed | H114: 106 | I114: 45556.688 | J114: 45556.896 | K114: 45561.891 | L114: 45559.688 | M114: 1 | N114: Phone | O114: Request for fit-to-work certificate for patient PT-29481. | P114: Clinical summary prepared and sent to patient as requested. GDPR consent verified. | Q114: 112 | R114: OK | S114: 5 | T114: 124.88333 | U114: Breached | V114: 1 | W114: 5
A115: 114 | B115: NB-2025-00114 | C115: 25 | D115: PT-96430 | E115: 4 | F115: 3 | G115: Open | H115: 25 | I115: 45726.017 | L115: 45727.017 | M115: 0 | N115: Phone | O115: Formal complaint submitted by patient regarding poor communication. Reference needed. | Q115: 113 | R115: OPEN_TICKET | U115: Within SLA | V115: 0
A116: 115 | B116: NB-2024-00115 | C116: 73 | D116: PT-78337 | E116: 1 | F116: 3 | G116: Closed | H116: 58 | I116: 45488.517 | J116: 45488.814 | K116: 45490.747 | L116: 45491.517 | M116: 0 | N116: Phone | O116: Patient PT-78337 requesting addition of appointment originally booked for 29 Jul 2024. | P116: Appointment moved from afternoon to morning slot. Patient and GP practice both confirmed. | Q116: 114 | R116: OK | S116: 7.1166667 | T116: 53.516667 | U116: Within SLA | V116: 0 | W116: 7.1166667
A117: 116 | B117: NB-2025-00116 | C117: 32 | D117: PT-28214 | E117: 2 | F117: 2 | G117: Closed | H117: 49 | I117: 45729.489 | J117: 45729.587 | K117: 45730.105 | L117: 45730.489 | M117: 0 | N117: Phone | O117: Query regarding invoice 40145 dated 10 Mar 2025. Client reports missing credit of £916. | P117: Invoice reviewed and corrected. Credit note issued for £726. Client accounts updated. | Q117: 115 | R117: OK | S117: 2.35 | T117: 14.783333 | U117: Within SLA | V117: 0 | W117: 2.35
A118: 117 | B118: NB-2025-00117 | C118: 17 | D118: PT-85168 | E118: 2 | F118: 2 | G118: Resolved | H118: 96 | I118: 45675.343 | J118: 45675.476 | K118: 45675.67 | L118: 45676.343 | M118: 0 | N118: Phone | O118: Query regarding invoice 27658 dated 28 Dec 2024. Client reports incorrect charge of £2394. | P118: Late payment fee waived as a goodwill gesture following system error. Account adjusted. | Q118: 116 | R118: OK | S118: 3.2 | T118: 7.85 | U118: Within SLA | V118: 0 | W118: 3.2
A119: 118 | B119: NB-2023-00118 | C119: 41 | D119: PT-86368 | E119: 4 | F119: 3 | G119: Closed | H119: 35 | I119: 45060.539 | J119: 45060.756 | K119: 45064.381 | L119: 45062.539 | M119: 1 | N119: Phone | O119: Formal complaint submitted by patient regarding billing error. Reference needed. | P119: Patient complaint escalated to Operations Manager. Resolution meeting held; outcome agreed with client. | Q119: 117 | R119: OK | S119: 5.2166667 | T119: 92.216667 | U119: Breached | V119: 1 | W119: 5.2166667
A120: 119 | B120: NB-2024-00119 | C120: 71 | D120: PT-25403 | E120: 1 | F120: 3 | G120: Resolved | H120: 15 | I120: 45579.462 | J120: 45579.808 | K120: 45583.103 | L120: 45581.462 | M120: 1 | N120: Phone | O120: Patient PT-25403 requesting reschedule of appointment originally booked for 22 Oct 2024. | P120: Recurring appointment series updated following consultant schedule change. | Q120: 118 | R120: OK | S120: 8.3166667 | T120: 87.383333 | U120: Breached | V120: 1 | W120: 8.3166667
A121: 120 | B121: NB-2024-00120 | C121: 54 | D121: PT-40475 | E121: 5 | F121: 3 | G121: Closed | H121: 85 | I121: 45471.844 | J121: 45472.013 | K121: 45472.303 | L121: 45472.844 | M121: 0 | N121: Portal | O121: Request for clinical summary for patient PT-40475. | P121: Medical records compiled and securely transmitted to requesting party within 72 hours. | Q121: 119 | R121: OK | S121: 4.0666667 | T121: 11.033333 | U121: Within SLA | V121: 0 | W121: 4.0666667
A122: 121 | B122: NB-2024-00121 | C122: 46 | D122: PT-90200 | E122: 2 | F122: 2 | G122: Closed | H122: 45 | I122: 45562.451 | J122: 45562.49 | K122: 45562.78 | L122: 45562.951 | M122: 0 | N122: Email | O122: Query regarding invoice 62095 dated 02 Sep 2024. Client reports duplicate payment of £1742. | P122: Late payment fee waived as a goodwill gesture following system error. Account adjusted. | Q122: 120 | R122: OK | S122: 0.91666667 | T122: 7.8833333 | U122: Within SLA | V122: 0 | W122: 0.91666667
A123: 122 | B123: NB-2024-00122 | C123: 50 | D123: PT-23143 | E123: 1 | F123: 3 | G123: Closed | H123: 112 | I123: 45545.806 | J123: 45545.952 | K123: 45548.5 | L123: 45548.806 | M123: 0 | N123: Email | O123: Patient PT-23143 requesting reschedule of appointment originally booked for 19 Sep 2024. | P123: Appointment rescheduled to patient's preferred date. Confirmation sent via email and SMS. | Q123: 121 | R123: OK | S123: 3.5 | T123: 64.65 | U123: Within SLA | V123: 0 | W123: 3.5
A124: 123 | B124: NB-2023-00123 | C124: 14 | D124: PT-78289 | E124: 2 | F124: 3 | G124: Resolved | H124: 31 | I124: 45026.878 | J124: 45027.056 | K124: 45032.699 | L124: 45029.878 | M124: 1 | N124: Email | O124: Query regarding invoice 88311 dated 08 Apr 2023. Client reports duplicate payment of £2672. | P124: Late payment fee waived as a goodwill gesture following system error. Account adjusted. | Q124: 122 | R124: OK | S124: 4.25 | T124: 139.7 | U124: Breached | V124: 1 | W124: 4.25
A125: 124 | B125: NB-2023-00124 | C125: 73 | D125: PT-62354 | E125: 1 | F125: 3 | G125: Resolved | H125: 104 | I125: 45287.222 | J125: 45287.322 | K125: 45290.006 | L125: 45290.222 | M125: 0 | N125: Email | O125: Patient PT-62354 requesting cancellation of appointment originally booked for 07 Jan 2024. | P125: Urgent appointment arranged within 24 hours following GP referral. Patient notified. | Q125: 123 | R125: OK | S125: 2.4 | T125: 66.816667 | U125: Within SLA | V125: 0 | W125: 2.4
A126: 125 | B126: NB-2023-00125 | C126: 32 | D126: PT-48568 | E126: 1 | F126: 3 | G126: Closed | H126: 78 | I126: 45229.517 | J126: 45229.699 | K126: 45230.554 | L126: 45232.517 | M126: 0 | N126: Form | O126: Patient PT-48568 requesting cancellation of appointment originally booked for 01 Nov 2023. | P126: Appointment moved from afternoon to morning slot. Patient and GP practice both confirmed. | Q126: 124 | R126: OK | S126: 4.35 | T126: 24.883333 | U126: Within SLA | V126: 0 | W126: 4.35
A127: 126 | B127: NB-2023-00126 | C127: 67 | D127: PT-56281 | E127: 5 | F127: 4 | G127: Closed | H127: 32 | I127: 45107.949 | J127: 45110.168 | K127: 45110.444 | L127: 45112.949 | M127: 0 | N127: Email | O127: Request for medical records for patient PT-56281. | P127: Clinical summary prepared and sent to patient as requested. GDPR consent verified. | Q127: 125 | R127: OK | S127: 53.25 | T127: 59.866667 | U127: Within SLA | V127: 0 | W127: 53.25
... A129: 128 | B129: NB-2025-00128 | C129: 46 | D129: PT-46735 | E129: 4 | F129: 2 | G129: Closed | H129: 114 | I129: 45692.157 | J129: 45692.314 | K129: 45693.347 | L129: 45692.657 | M129: 1 | N129: Form | O129: Formal complaint submitted by patient regarding data handling concern. Reference needed. | P129: Patient complaint escalated to Operations Manager. Resolution meeting held; outcome agreed with client. | Q129: 127 | R129: OK | S129: 3.7666667 | T129: 28.55 | U129: Breached | V129: 1 | W129: 3.7666667
A130: 129 | B130: NB-2024-00129 | C130: 73 | D130: PT-90318 | E130: 2 | F130: 2 | G130: Pending Client | H130: 38 | I130: 45642.028 | J130: 45642.136 | L130: 45643.028 | M130: 1 | N130: Portal | O130: Query regarding invoice 81901 dated 07 Dec 2024. Client reports duplicate payment of £1153. | Q130: 128 | R130: OPEN_TICKET | S130: 2.6 | U130: Breached | V130: 1 | W130: 2.6
A131: 130 | B131: NB-2024-00130 | C131: 53 | D131: PT-45382 | E131: 2 | F131: 2 | G131: Closed | H131: 118 | I131: 45494.462 | J131: 45494.61 | K131: 45495.275 | L131: 45495.462 | M131: 0 | N131: Phone | O131: Query regarding invoice 66651 dated 23 Jun 2024. Client reports disputed amount of £853. | P131: Duplicate charge identified and reversed. Updated invoice sent to client for reconciliation. | Q131: 129 | R131: OK | S131: 3.55 | T131: 19.516667 | U131: Within SLA | V131: 0 | W131: 3.55
A132: 131 | B132: NB-2024-00131 | C132: 73 | D132: PT-38241 | E132: 1 | F132: 4 | G132: Resolved | H132: 119 | I132: 45417.798 | J132: 45418.884 | K132: 45419.812 | L132: 45422.798 | M132: 0 | N132: Phone | O132: Patient PT-38241 requesting cancellation of appointment originally booked for 13 May 2024. | P132: Recurring appointment series updated following consultant schedule change. | Q132: 130 | R132: OK | S132: 26.066667 | T132: 48.35 | U132: Within SLA | V132: 0 | W132: 26.066667
A133: 132 | B133: NB-2023-00132 | C133: 29 | D133: PT-90434 | E133: 1 | F133: 2 | G133: Resolved | H133: 116 | I133: 45198.469 | J133: 45198.597 | K133: 45198.819 | L133: 45199.469 | M133: 0 | N133: Email | O133: Patient PT-90434 requesting cancellation of appointment originally booked for 07 Oct 2023. | P133: Cancellation processed. New appointment booked for following week per patient request. | Q133: 131 | R133: OK | S133: 3.0666667 | T133: 8.3833333 | U133: Within SLA | V133: 0 | W133: 3.0666667
A134: 133 | B134: NB-2024-00133 | C134: 39 | D134: PT-31930 | E134: 1 | F134: 3 | G134: Closed | H134: 33 | I134: 45541.651 | J134: 45541.847 | K134: 45542.235 | L134: 45542.651 | M134: 0 | N134: Form | O134: Patient PT-31930 requesting reschedule of appointment originally booked for 20 Sep 2024. | P134: Appointment moved from afternoon to morning slot. Patient and GP practice both confirmed. | Q134: 132 | R134: OK | S134: 4.7 | T134: 14.016667 | U134: Within SLA | V134: 0 | W134: 4.7
A135: 134 | B135: NB-2023-00134 | C135: 79 | D135: PT-61097 | E135: 1 | F135: 4 | G135: Closed | H135: 3 | I135: 45010.948 | J135: 45011.542 | K135: 45012.36 | L135: 45014.948 | M135: 0 | N135: Portal | O135: Patient PT-61097 requesting cancellation of appointment originally booked for 29 Mar 2023. | P135: Urgent appointment arranged within 24 hours following GP referral. Patient notified. | Q135: 133 | R135: OK | S135: 14.25 | T135: 33.9 | U135: Within SLA | V135: 0 | W135: 14.25
A136: 135 | B136: NB-2024-00135 | C136: 39 | D136: PT-83922 | E136: 2 | F136: 3 | G136: Closed | H136: 21 | I136: 45618.376 | J136: 45618.431 | K136: 45619.076 | L136: 45619.376 | M136: 0 | N136: Form | O136: Query regarding invoice 93858 dated 01 Nov 2024. Client reports missing credit of £1472. | P136: Billing query resolved following confirmation from insurer. Payment processing initiated. | Q136: 134 | R136: OK | S136: 1.3166667 | T136: 16.816667 | U136: Within SLA | V136: 0 | W136: 1.3166667
A137: 136 | B137: NB-2025-00136 | C137: 1 | D137: PT-74478 | E137: 1 | F137: 3 | G137: In Progress | H137: 115 | I137: 45740.276 | J137: 45740.327 | L137: 45742.276 | M137: 0 | N137: Portal | O137: Patient PT-74478 requesting cancellation of appointment originally booked for 29 Mar 2025. | Q137: 135 | R137: OPEN_TICKET | S137: 1.2166667 | U137: Within SLA | V137: 0 | W137: 1.2166667
A138: 137 | B138: NB-2024-00137 | C138: 80 | D138: PT-91962 | E138: 2 | F138: 3 | G138: Closed | H138: 49 | I138: 45606.354 | J138: 45606.619 | K138: 45607.403 | L138: 45609.354 | M138: 0 | N138: Email | O138: Query regarding invoice 90375 dated 15 Oct 2024. Client reports missing credit of £1216. | P138: Duplicate charge identified and reversed. Updated invoice sent to client for reconciliation. | Q138: 136 | R138: OK | S138: 6.3666667 | T138: 25.183333 | U138: Within SLA | V138: 0 | W138: 6.3666667
A139: 138 | B139: NB-2024-00138 | C139: 63 | D139: PT-23405 | E139: 1 | F139: 3 | G139: Resolved | H139: 109 | I139: 45350.078 | J139: 45350.189 | K139: 45351.33 | L139: 45353.078 | M139: 0 | N139: Phone | O139: Patient PT-23405 requesting cancellation of appointment originally booked for 04 Mar 2024. | P139: Appointment moved from afternoon to morning slot. Patient and GP practice both confirmed. | Q139: 137 | R139: OK | S139: 2.65 | T139: 30.033333 | U139: Within SLA | V139: 0 | W139: 2.65
A140: 139 | B140: NB-2024-00139 | C140: 70 | D140: PT-61435 | E140: 2 | F140: 3 | G140: Resolved | H140: 57 | I140: 45504.278 | J140: 45504.528 | K140: 45505.682 | L140: 45507.278 | M140: 0 | N140: Portal | O140: Query regarding invoice 71623 dated 25 Jul 2024. Client reports duplicate payment of £3496. | P140: Duplicate charge identified and reversed. Updated invoice sent to client for reconciliation. | Q140: 138 | R140: OK | S140: 6 | T140: 33.683333 | U140: Within SLA | V140: 0 | W140: 6
A141: 140 | B141: NB-2024-00140 | C141: 29 | D141: PT-52344 | E141: 1 | F141: 4 | G141: Closed | H141: 112 | I141: 45643.215 | J141: 45645.066 | K141: 45645.698 | L141: 45648.215 | M141: 0 | N141: Portal | O141: Patient PT-52344 requesting reschedule of appointment originally booked for 28 Dec 2024. | P141: Appointment rescheduled to patient's preferred date. Confirmation sent via email and SMS. | Q141: 139 | R141: OK | S141: 44.433333 | T141: 59.6 | U141: Within SLA | V141: 0 | W141: 44.433333
A142: 141 | B142: NB-2024-00141 | C142: 61 | D142: PT-72294 | E142: 5 | F142: 3 | G142: Resolved | H142: 1 | I142: 45431.447 | J142: 45431.705 | K142: 45432.426 | L142: 45434.447 | M142: 0 | N142: Email | O142: Request for fit-to-work certificate for patient PT-72294. | P142: Medical records compiled and securely transmitted to requesting party within 72 hours. | Q142: 140 | R142: OK | S142: 6.1833333 | T142: 23.5 | U142: Within SLA | V142: 0 | W142: 6.1833333
...

Sheet Tickets
A1: TicketID | B1: TicketReference | C1: ClientID | D1: PatientRef | E1: CategoryID | F1: PriorityID | G1: Status | H1: AssignedAgentID | I1: CreatedAt | J1: FirstResponseAt | K1: ResolvedAt | L1: SLADueAt | M1: SLABreached | N1: Channel | O1: Description | P1: ResolutionNotes
A2: 1 | B2: NB-2024-00001 | C2: 70 | D2: PT-81496 | E2: 5 | F2: 3 | G2: Closed | H2: 111 | I2: 2024-07-24 23:41 | J2: 2024-07-25 02:27 | K2: 2024-07-27 10:35 | L2: 2024-07-27 23:41 | M2: 0 | N2: Phone | O2: Request for discharge summary for patient PT-81496. | P2: Insurance medical report completed and submitted to insurer within agreed timeframe.
A3: 2 | B3: NB-2024-00002 | C3: 51 | D3: PT-99051 | E3: 2 | F3: 1 | G3: Closed | H3: 32 | I3: 2024-11-06 23:45 | J3: 2024-11-07 01:09 | K3: 2024-11-07 04:44 | L3: 2024-11-07 07:45 | M3: 0 | N3: Portal | O3: Query regarding invoice 28714 dated 09 Oct 2024. Client reports disputed amount of £192. | P3: Charge dispute investigated. Original amount validated as correct; breakdown sent to client.
A4: 3 | B4: NB-2024-00003 | C4: 53 | D4: PT-24869 | E4: 3 | F4: 3 | G4: Closed | H4: 57 | I4: 2024-08-01 05:39 | J4: 2024-08-01 09:58 | K4: 2024-08-02 14:35 | L4: 2024-08-04 05:39 | M4: 0 | N4: Portal | O4: Pre-authorisation request for outpatient consultation. Patient PT-24869. Insurer: Vitality. | P4: Pre-auth declined by insurer. Patient advised of self-pay options and appeal pathway.
A5: 4 | B5: NB-2024-00004 | C5: 11 | D5: PT-55537 | E5: 1 | F5: 2 | G5: Closed | H5: 22 | I5: 2024-12-03 13:22 | J5: 2024-12-03 14:47 | K5: 2024-12-04 07:32 | L5: 2024-12-04 01:22 | M5: 1 | N5: Form | O5: Patient PT-55537 requesting addition of appointment originally booked for 05 Dec 2024. | P5: Cancellation processed. New appointment booked for following week per patient request.
A6: 5 | B6: NB-2023-00005 | C6: 70 | D6: PT-50539 | E6: 3 | F6: 2 | G6: Resolved | H6: 52 | I6: 2023-02-11 03:56 | J6: 2023-02-11 06:27 | K6: 2023-02-11 12:26 | L6: 2023-02-12 03:56 | M6: 0 | N6: Phone | O6: Pre-authorisation request for surgical procedure. Patient PT-50539. Insurer: WPA. | P6: Pre-authorisation confirmed with insurer. Reference number provided to client.
A7: 6 | B7: NB-2023-00006 | C7: 79 | D7: PT-31581 | E7: 3 | F7: 3 | G7: Closed | H7: 104 | I7: 2023-10-11 00:04 | J7: 2023-10-11 04:28 | K7: 2023-10-11 19:06 | L7: 2023-10-13 00:04 | M7: 0 | N7: Form | O7: Pre-authorisation request for physiotherapy course. Patient PT-31581. Insurer: Bupa. | P7: Policy coverage query resolved. Benefit schedule sent to patient for reference.
A8: 7 | B8: NB-2023-00007 | C8: 23 | D8: PT-20646 | E8: 1 | F8: 3 | G8: Closed | H8: 107 | I8: 2023-09-24 06:49 | J8: 2023-09-24 10:14 | K8: 2023-09-25 23:20 | L8: 2023-09-26 06:49 | M8: 0 | N8: Phone | O8: Patient PT-20646 requesting reschedule of appointment originally booked for 05 Oct 2023. | P8: Recurring appointment series updated following consultant schedule change.
A9: 8 | B9: NB-2024-00008 | C9: 57 | D9: PT-50970 | E9: 2 | F9: 3 | G9: Resolved | H9: 57 | I9: 2024-04-07 09:08 | J9: 2024-04-07 11:30 | K9: 2024-04-08 17:53 | L9: 2024-04-09 09:08 | M9: 0 | N9: Email | O9: Query regarding invoice 55268 dated 25 Mar 2024. Client reports duplicate payment of £3165. | P9: Charge dispute investigated. Original amount validated as correct; breakdown sent to client.
A10: 9 | B10: NB-2024-00009 | C10: 8 | D10: PT-50988 | E10: 2 | F10: 2 | G10: Closed | H10: 46 | I10: 2024-03-27 03:53 | J10: 2024-03-27 14:23 | K10: 2024-03-29 13:34 | L10: 2024-03-28 03:53 | M10: 1 | N10: Portal | O10: Query regarding invoice 30885 dated 11 Mar 2024. Client reports disputed amount of £2092. | P10: Late payment fee waived as a goodwill gesture following system error. Account adjusted.
A11: 10 | B11: NB-2024-00010 | C11: 8 | D11: PT-27555 | E11: 1 | F11: 3 | G11: Closed | H11: 87 | I11: 2024-03-13 09:43 | J11: 2024-03-13 13:29 | K11: 2024-03-14 12:12 | L11: 2024-03-16 09:43 | M11: 0 | N11: Phone | O11: Patient PT-27555 requesting cancellation of appointment originally booked for 25 Mar 2024. | P11: Cancellation processed. New appointment booked for following week per patient request.
A12: 11 | B12: NB-2024-00011 | C12: 79 | D12: PT-57920 | E12: 1 | F12: 3 | G12: Resolved | H12: 104 | I12: 2024-03-10 20:44 | J12: 2024-03-11 03:34 | K12: 2024-03-11 21:23 | L12: 2024-03-12 20:44 | M12: 0 | N12: Portal | O12: Patient PT-57920 requesting reschedule of appointment originally booked for 14 Mar 2024. | P12: Urgent appointment arranged within 24 hours following GP referral. Patient notified.
A13: 12 | B13: NB-2023-00012 | C13: 72 | D13: PT-76494 | E13: 2 | F13: 3 | G13: Resolved | H13: 38 | I13: 2023-08-06 11:24 | J13: 2023-08-06 14:05 | K13: 2023-08-10 07:08 | L13: 2023-08-08 11:24 | M13: 1 | N13: Form | O13: Query regarding invoice 74205 dated 14 Jul 2023. Client reports missing credit of £1995. | P13: Late payment fee waived as a goodwill gesture following system error. Account adjusted.
... A18: 17 | B18: NB-2023-00017 | C18: 41 | D18: PT-32946 | E18: 3 | F18: 2 | G18: Closed | H18: 104 | I18: 2023-04-03 05:44 | J18: 2023-04-03 07:12 | K18: 2023-04-04 10:13 | L18: 2023-04-03 17:44 | M18: 1 | N18: Email | O18: Pre-authorisation request for surgical procedure. Patient PT-32946. Insurer: Aviva. | P18: Pre-authorisation confirmed with insurer. Reference number provided to client.
A19: 18 | B19: NB-2025-00018 | C19: 64 | D19: PT-76088 | E19: 5 | F19: 3 | G19: Open | H19: 75 | I19: 2025-03-25 20:00 | L19: 2025-03-27 20:00 | M19: 0 | N19: Form | O19: Request for discharge summary for patient PT-76088.
A20: 19 | B20: NB-2023-00019 | C20: 43 | D20: PT-22502 | E20: 1 | F20: 3 | G20: Closed | H20: 22 | I20: 2023-10-28 09:34 | J20: 2023-10-28 11:48 | K20: 2023-10-29 12:05 | L20: 2023-10-30 09:34 | M20: 0 | N20: Phone | O20: Patient PT-22502 requesting reschedule of appointment originally booked for 31 Oct 2023. | P20: Urgent appointment arranged within 24 hours following GP referral. Patient notified.
A21: 20 | B21: NB-2023-00020 | C21: 34 | D21: PT-50760 | E21: 1 | F21: 3 | G21: Resolved | H21: 107 | I21: 2023-04-07 20:09 | J21: 2023-04-08 00:58 | K21: 2023-04-14 01:12 | L21: 2023-04-10 20:09 | M21: 1 | N21: Email | O21: Patient PT-50760 requesting addition of appointment originally booked for 09 Apr 2023. | P21: Cancellation processed. New appointment booked for following week per patient request.
A22: 21 | B22: NB-2023-00021 | C22: 66 | D22: PT-20237 | E22: 2 | F22: 3 | G22: Closed | H22: 107 | I22: 2023-12-06 14:58 | J22: 2023-12-06 19:33 | K22: 2023-12-08 02:39 | L22: 2023-12-08 14:58 | M22: 0 | N22: Email | O22: Query regarding invoice 18094 dated 09 Nov 2023. Client reports duplicate payment of £2395. | P22: Charge dispute investigated. Original amount validated as correct; breakdown sent to client.
A23: 22 | B23: NB-2024-00022 | C23: 72 | D23: PT-50392 | E23: 3 | F23: 3 | G23: Resolved | H23: 116 | I23: 2024-11-23 08:47 | J23: 2024-11-23 11:21 | K23: 2024-11-24 19:32 | L23: 2024-11-25 08:47 | M23: 0 | N23: Email | O23: Pre-authorisation request for diagnostic imaging. Patient PT-50392. Insurer: WPA. | P23: Policy coverage query resolved. Benefit schedule sent to patient for reference.
A24: 23 | B24: NB-2025-00023 | C24: 10 | D24: PT-59081 | E24: 2 | F24: 1 | G24: Resolved | H24: 9 | I24: 2025-01-03 16:05 | J24: 2025-01-03 16:25 | K24: 2025-01-03 17:54 | L24: 2025-01-03 18:05 | M24: 0 | N24: Email | O24: Query regarding invoice 59479 dated 21 Dec 2024. Client reports incorrect charge of £2846. | P24: Late payment fee waived as a goodwill gesture following system error. Account adjusted.
A25: 24 | B25: NB-2023-00024 | C25: 1 | D25: PT-30332 | E25: 1 | F25: 4 | G25: Closed | H25: 35 | I25: 2023-02-05 15:38 | J25: 2023-02-05 21:57 | K25: 2023-02-08 00:17 | L25: 2023-02-09 15:38 | M25: 0 | N25: Phone | O25: Patient PT-30332 requesting cancellation of appointment originally booked for 09 Feb 2023. | P25: Recurring appointment series updated following consultant schedule change.
A26: 25 | B26: NB-2024-00025 | C26: 8 | D26: PT-47914 | E26: 2 | F26: 3 | G26: Closed | H26: 105 | I26: 2024-01-16 12:21 | J26: 2024-01-16 18:22 | K26: 2024-01-17 16:18 | L26: 2024-01-19 12:21 | M26: 0 | N26: Email | O26: Query regarding invoice 85511 dated 05 Jan 2024. Client reports missing credit of £1020. | P26: Billing query resolved following confirmation from insurer. Payment processing initiated.
A27: 26 | B27: NB-2023-00026 | C27: 70 | D27: PT-59343 | E27: 3 | F27: 3 | G27: Closed | H27: 50 | I27: 2023-03-15 03:57 | J27: 2023-03-15 07:53 | K27: 2023-03-16 08:20 | L27: 2023-03-18 03:57 | M27: 0 | N27: Form | O27: Pre-authorisation request for physiotherapy course. Patient PT-59343. Insurer: Cigna. | P27: Pre-auth declined by insurer. Patient advised of self-pay options and appeal pathway.
A28: 27 | B28: NB-2024-00027 | C28: 35 | D28: PT-16755 | E28: 2 | F28: 2 | G28: Resolved | H28: 27 | I28: 2024-02-01 10:55 | J28: 2024-02-01 13:01 | K28: 2024-02-02 06:40 | L28: 2024-02-02 10:55 | M28: 0 | N28: Email | O28: Query regarding invoice 98299 dated 12 Jan 2024. Client reports incorrect charge of £348. | P28: Billing query resolved following confirmation from insurer. Payment processing initiated.
A29: 28 | B29: NB-2025-00028 | C29: 19 | D29: PT-71112 | E29: 1 | F29: 2 | G29: Closed | H29: 28 | I29: 2025-01-14 07:27 | J29: 2025-01-14 08:21 | K29: 2025-01-14 13:12 | L29: 2025-01-14 19:27 | M29: 0 | N29: Portal | O29: Patient PT-71112 requesting addition of appointment originally booked for 25 Jan 2025. | P29: Appointment moved from afternoon to morning slot. Patient and GP practice both confirmed.
A30: 29 | B30: NB-2023-00029 | C30: 32 | D30: PT-59786 | E30: 2 | F30: 3 | G30: Closed | H30: 8 | I30: 2023-08-16 00:23 | J30: 2023-08-16 04:47 | K30: 2023-08-17 12:57 | L30: 2023-08-19 00:23 | M30: 0 | N30: Email | O30: Query regarding invoice 42208 dated 31 Jul 2023. Client reports missing credit of £1104. | P30: Billing query resolved following confirmation from insurer. Payment processing initiated.
A31: 30 | B31: NB-2023-00030 | C31: 78 | D31: PT-92667 | E31: 3 | F31: 3 | G31: Closed | H31: 71 | I31: 2023-04-02 13:41 | J31: 2023-04-03 07:18 | K31: 2023-04-04 05:59 | L31: 2023-04-05 13:41 | M31: 0 | N31: Email | O31: Pre-authorisation request for surgical procedure. Patient PT-92667. Insurer: Vitality. | P31: Pre-auth declined by insurer. Patient advised of self-pay options and appeal pathway.
... A39: 38 | B39: NB-2024-00038 | C39: 48 | D39: PT-72784 | E39: 4 | F39: 2 | G39: Closed | H39: 109 | I39: 2024-10-31 06:32 | J39: 2024-10-31 08:27 | K39: 2024-11-01 00:14 | L39: 2024-11-01 06:32 | M39: 0 | N39: Portal | O39: Formal complaint submitted by GP practice regarding poor communication. Reference needed. | P39: Complaint resolved following discussion with client. Compensation of £452 agreed and authorised.
A40: 39 | B40: NB-2023-00039 | C40: 78 | D40: PT-48185 | E40: 1 | F40: 3 | G40: Escalated | H40: 108 | I40: 2023-10-07 20:10 | J40: 2023-10-08 03:05 | L40: 2023-10-10 20:10 | M40: 1 | N40: Portal | O40: Patient PT-48185 requesting addition of appointment originally booked for 09 Oct 2023.
A41: 40 | B41: NB-2025-00040 | C41: 63 | D41: PT-57124 | E41: 2 | F41: 2 | G41: Closed | H41: 78 | I41: 2025-01-14 19:09 | J41: 2025-01-15 04:08 | K41: 2025-01-15 14:19 | L41: 2025-01-15 19:09 | M41: 0 | N41: Phone | O41: Query regarding invoice 80373 dated 25 Dec 2024. Client reports incorrect charge of £497. | P41: Late payment fee waived as a goodwill gesture following system error. Account adjusted.
A42: 41 | B42: NB-2023-00041 | C42: 61 | D42: PT-59036 | E42: 5 | F42: 3 | G42: Resolved | H42: 1 | I42: 2023-06-14 21:53 | J42: 2023-06-15 02:58 | K42: 2023-06-16 05:31 | L42: 2023-06-17 21:53 | M42: 0 | N42: Email | O42: Request for insurance medical report for patient PT-59036. | P42: Medical records compiled and securely transmitted to requesting party within 72 hours.
A43: 42 | B43: NB-2025-00042 | C43: 30 | D43: PT-69303 | E43: 1 | F43: 3 | G43: Open | H43: 79 | I43: 2025-03-20 20:34 | L43: 2025-03-22 20:34 | M43: 0 | N43: Email | O43: Patient PT-69303 requesting cancellation of appointment originally booked for 22 Mar 2025.
A44: 43 | B44: NB-2024-00043 | C44: 24 | D44: PT-61849 | E44: 1 | F44: 2 | G44: Closed | H44: 96 | I44: 2024-05-29 12:11 | J44: 2024-05-29 13:32 | K44: 2024-05-29 20:45 | L44: 2024-05-30 00:11 | M44: 0 | N44: Phone | O44: Patient PT-61849 requesting reschedule of appointment originally booked for 10 Jun 2024. | P44: Cancellation processed. New appointment booked for following week per patient request.
A45: 44 | B45: NB-2023-00044 | C45: 10 | D45: PT-79168 | E45: 3 | F45: 3 | G45: Resolved | H45: 116 | I45: 2023-06-08 09:35 | J45: 2023-06-08 10:44 | K45: 2023-06-09 05:50 | L45: 2023-06-09 09:35 | M45: 0 | N45: Portal | O45: Pre-authorisation request for outpatient consultation. Patient PT-79168. Insurer: Vitality. | P45: Claim status updated to approved. Payment expected within 5–7 working days.
A46: 45 | B46: NB-2024-00045 | C46: 21 | D46: PT-85340 | E46: 5 | F46: 3 | G46: Resolved | H46: 13 | I46: 2024-05-01 20:24 | J46: 2024-05-01 21:57 | K46: 2024-05-03 04:50 | L46: 2024-05-03 20:24 | M46: 0 | N46: Email | O46: Request for GP referral letter for patient PT-85340. | P46: Fit-to-work certificate issued following confirmation from treating clinician.
A47: 46 | B47: NB-2023-00046 | C47: 69 | D47: PT-68176 | E47: 4 | F47: 4 | G47: Closed | H47: 34 | I47: 2023-08-01 10:22 | J47: 2023-08-02 00:42 | K47: 2023-08-04 05:48 | L47: 2023-08-06 10:22 | M47: 0 | N47: Portal | O47: Formal complaint submitted by patient regarding poor communication. Reference needed. | P47: Complaint closed following satisfactory resolution. Client confirmed acceptance of outcome.
A48: 47 | B48: NB-2025-00047 | C48: 70 | D48: PT-15453 | E48: 3 | F48: 3 | G48: In Progress | H48: 13 | I48: 2025-03-04 20:13 | J48: 2025-03-05 03:23 | L48: 2025-03-07 20:13 | M48: 0 | N48: Phone | O48: Pre-authorisation request for diagnostic imaging. Patient PT-15453. Insurer: Vitality.
A49: 48 | B49: NB-2023-00048 | C49: 62 | D49: PT-66120 | E49: 1 | F49: 3 | G49: Resolved | H49: 116 | I49: 2023-07-02 16:28 | J49: 2023-07-02 17:53 | K49: 2023-07-04 14:54 | L49: 2023-07-03 16:28 | M49: 1 | N49: Portal | O49: Patient PT-66120 requesting reschedule of appointment originally booked for 12 Jul 2023. | P49: Recurring appointment series updated following consultant schedule change.
A50: 49 | B50: NB-2024-00049 | C50: 43 | D50: PT-46349 | E50: 1 | F50: 3 | G50: Closed | H50: 90 | I50: 2024-02-20 15:16 | J50: 2024-02-20 18:46 | K50: 2024-02-22 09:27 | L50: 2024-02-22 15:16 | M50: 0 | N50: Form | O50: Patient PT-46349 requesting addition of appointment originally booked for 23 Feb 2024. | P50: Recurring appointment series updated following consultant schedule change.
A51: 50 | B51: NB-2023-00050 | C51: 11 | D51: PT-10324 | E51: 3 | F51: 3 | G51: Resolved | H51: 54 | I51: 2023-05-25 22:49 | J51: 2023-05-26 05:28 | K51: 2023-05-29 00:00 | L51: 2023-05-27 22:49 | M51: 1 | N51: Phone | O51: Pre-authorisation request for specialist referral. Patient PT-10324. Insurer: Aviva. | P51: Insurer contacted; claim resubmitted with corrected diagnosis code. Outcome pending.
A52: 51 | B52: NB-2025-00051 | C52: 20 | D52: PT-26284 | E52: 4 | F52: 2 | G52: Closed | H52: 107 | I52: 2025-01-24 06:42 | J52: 2025-01-24 08:08 | K52: 2025-01-24 20:51 | L52: 2025-01-25 06:42 | M52: 0 | N52: Email | O52: Formal complaint submitted by clinic manager regarding billing error. Reference needed. | P52: Complaint acknowledged and logged under ref CMP-6905. Full investigation completed within SLA. Apology letter sent.
A53: 52 | B53: NB-2023-00052 | C53: 25 | D53: PT-37973 | E53: 1 | F53: 3 | G53: Closed | H53: 59 | I53: 2023-03-22 18:46 | J53: 2023-03-22 19:53 | K53: 2023-03-23 03:24 | L53: 2023-03-23 18:46 | M53: 0 | N53: Phone | O53: Patient PT-37973 requesting cancellation of appointment originally booked for 24 Mar 2023. | P53: Appointment moved from afternoon to morning slot. Patient and GP practice both confirmed.
A54: 53 | B54: NB-2023-00053 | C54: 14 | D54: PT-98753 | E54: 2 | F54: 2 | G54: Closed | H54: 19 | I54: 2023-06-09 10:45 | J54: 2023-06-09 13:49 | K54: 2023-06-09 19:58 | L54: 2023-06-10 10:45 | M54: 0 | N54: Email | O54: Query regarding invoice 79534 dated 21 May 2023. Client reports incorrect charge of £2549. | P54: Duplicate charge identified and reversed. Updated invoice sent to client for reconciliation.
A55: 54 | B55: NB-2023-00054 | C55: 15 | D55: PT-94491 | E55: 4 | F55: 1 | G55: Closed | H55: 105 | I55: 2023-08-06 20:04 | J55: 2023-08-06 20:20 | K55: 2023-08-06 20:58 | L55: 2023-08-06 22:04 | M55: 0 | N55: Email | O55: Formal complaint submitted by clinic manager regarding billing error. Reference needed. | P55: Complaint closed following satisfactory resolution. Client confirmed acceptance of outcome.
A56: 55 | B56: NB-2024-00055 | C56: 8 | D56: PT-57329 | E56: 3 | F56: 2 | G56: Resolved | H56: 63 | I56: 2024-01-08 03:16 | J56: 2024-01-08 04:39 | K56: 2024-01-09 04:54 | L56: 2024-01-09 03:16 | M56: 1 | N56: Phone | O56: Pre-authorisation request for specialist referral. Patient PT-57329. Insurer: Cigna. | P56: Pre-authorisation confirmed with insurer. Reference number provided to client.
A57: 56 | B57: NB-2024-00056 | C57: 9 | D57: PT-80471 | E57: 1 | F57: 3 | G57: Closed | H57: 90 | I57: 2024-09-10 13:35 | J57: 2024-09-10 18:01 | K57: 2024-09-12 16:14 | L57: 2024-09-13 13:35 | M57: 0 | N57: Email | O57: Patient PT-80471 requesting addition of appointment originally booked for 13 Sep 2024. | P57: Appointment moved from afternoon to morning slot. Patient and GP practice both confirmed.
A58: 57 | B58: NB-2023-00057 | C58: 34 | D58: PT-33022 | E58: 1 | F58: 3 | G58: Closed | H58: 28 | I58: 2023-04-01 06:53 | J58: 2023-04-01 12:12 | K58: 2023-04-03 14:07 | L58: 2023-04-04 06:53 | M58: 0 | N58: Email | O58: Patient PT-33022 requesting reschedule of appointment originally booked for 02 Apr 2023. | P58: Cancellation processed. New appointment booked for following week per patient request.
A59: 58 | B59: NB-2024-00058 | C59: 60 | D59: PT-75484 | E59: 3 | F59: 1 | G59: Closed | H59: 71 | I59: 2024-02-27 20:10 | J59: 2024-02-27 20:31 | K59: 2024-02-27 22:16 | L59: 2024-02-28 00:10 | M59: 0 | N59: Email | O59: Pre-authorisation request for outpatient consultation. Patient PT-75484. Insurer: WPA. | P59: Pre-auth declined by insurer. Patient advised of self-pay options and appeal pathway.
A60: 59 | B60: NB-2025-00059 | C60: 7 | D60: PT-95944 | E60: 4 | F60: 1 | G60: Resolved | H60: 60 | I60: 2025-01-03 04:39 | J60: 2025-01-03 05:55 | K60: 2025-01-03 06:24 | L60: 2025-01-03 06:39 | M60: 0 | N60: Phone | O60: Formal complaint submitted by patient regarding data handling concern. Reference needed. | P60: Complaint acknowledged and logged under ref CMP-1862. Full investigation completed within SLA. Apology letter sent.
... A91: 90 | B91: NB-2024-00090 | C91: 73 | D91: PT-24943 | E91: 1 | F91: 3 | G91: Resolved | H91: 104 | I91: 2024-02-24 17:28 | J91: 2024-02-25 02:59 | K91: 2024-02-25 20:25 | L91: 2024-02-27 17:28 | M91: 0 | N91: Phone | O91: Patient PT-24943 requesting reschedule of appointment originally booked for 03 Mar 2024. | P91: Appointment moved from afternoon to morning slot. Patient and GP practice both confirmed.
A92: 91 | B92: NB-2025-00091 | C92: 30 | D92: PT-74763 | E92: 1 | F92: 3 | G92: Pending Client | H92: 43 | I92: 2025-01-17 00:27 | J92: 2025-01-17 01:54 | L92: 2025-01-19 00:27 | M92: 0 | N92: Email | O92: Patient PT-74763 requesting reschedule of appointment originally booked for 19 Jan 2025.
A93: 92 | B93: NB-2024-00092 | C93: 7 | D93: PT-28139 | E93: 1 | F93: 3 | G93: Resolved | H93: 47 | I93: 2024-03-27 17:07 | J93: 2024-03-27 17:50 | K93: 2024-03-28 01:01 | L93: 2024-03-28 17:07 | M93: 0 | N93: Portal | O93: Patient PT-28139 requesting addition of appointment originally booked for 07 Apr 2024. | P93: Cancellation processed. New appointment booked for following week per patient request.
A94: 93 | B94: NB-2025-00093 | C94: 55 | D94: PT-30892 | E94: 2 | F94: 3 | G94: Closed | H94: 114 | I94: 2025-01-13 06:15 | J94: 2025-01-13 07:47 | K94: 2025-01-15 02:20 | L94: 2025-01-15 06:15 | M94: 0 | N94: Phone | O94: Query regarding invoice 87430 dated 28 Dec 2024. Client reports disputed amount of £792. | P94: Duplicate charge identified and reversed. Updated invoice sent to client for reconciliation.
A95: 94 | B95: NB-2023-00094 | C95: 7 | D95: PT-84057 | E95: 1 | F95: 3 | G95: Pending Client | H95: 32 | I95: 2023-04-09 17:20 | J95: 2023-04-09 21:13 | L95: 2023-04-10 17:20 | M95: 0 | N95: Portal | O95: Patient PT-84057 requesting reschedule of appointment originally booked for 20 Apr 2023.
A96: 95 | B96: NB-2023-00095 | C96: 8 | D96: PT-52026 | E96: 4 | F96: 2 | G96: Closed | H96: 94 | I96: 2023-01-19 10:09 | J96: 2023-01-19 12:32 | K96: 2023-01-20 04:42 | L96: 2023-01-20 10:09 | M96: 0 | N96: Form | O96: Formal complaint submitted by GP practice regarding delayed response. Reference needed. | P96: Patient complaint escalated to Operations Manager. Resolution meeting held; outcome agreed with client.
A97: 96 | B97: NB-2023-00096 | C97: 46 | D97: PT-21913 | E97: 1 | F97: 3 | G97: Pending Client | H97: 87 | I97: 2023-07-04 17:42 | J97: 2023-07-04 18:59 | L97: 2023-07-06 17:42 | M97: 0 | N97: Portal | O97: Patient PT-21913 requesting addition of appointment originally booked for 14 Jul 2023.
A98: 97 | B98: NB-2024-00097 | C98: 66 | D98: PT-48270 | E98: 4 | F98: 2 | G98: Resolved | H98: 100 | I98: 2024-07-18 16:36 | J98: 2024-07-18 17:12 | K98: 2024-07-19 00:59 | L98: 2024-07-19 04:36 | M98: 0 | N98: Phone | O98: Formal complaint submitted by GP practice regarding appointment handling. Reference needed. | P98: Complaint resolved following discussion with client. Compensation of £675 agreed and authorised.
A99: 98 | B99: NB-2023-00098 | C99: 56 | D99: PT-98098 | E99: 1 | F99: 4 | G99: Resolved | H99: 78 | I99: 2023-12-02 05:45 | J99: 2023-12-02 14:48 | K99: 2023-12-05 00:51 | L99: 2023-12-06 05:45 | M99: 0 | N99: Portal | O99: Patient PT-98098 requesting addition of appointment originally booked for 04 Dec 2023. | P99: Recurring appointment series updated following consultant schedule change.
A100: 99 | B100: NB-2023-00099 | C100: 26 | D100: PT-42537 | E100: 3 | F100: 4 | G100: Closed | H100: 9 | I100: 2023-07-19 18:25 | J100: 2023-07-21 16:11 | K100: 2023-07-24 08:28 | L100: 2023-07-24 18:25 | M100: 0 | N100: Phone | O100: Pre-authorisation request for diagnostic imaging. Patient PT-42537. Insurer: Bupa. | P100: Pre-auth declined by insurer. Patient advised of self-pay options and appeal pathway.
A101: 100 | B101: NB-2023-00100 | C101: 79 | D101: PT-33306 | E101: 4 | F101: 3 | G101: Closed | H101: 34 | I101: 2023-12-04 23:07 | J101: 2023-12-05 02:31 | K101: 2023-12-06 11:00 | L101: 2023-12-06 23:07 | M101: 0 | N101: Email | O101: Formal complaint submitted by family member regarding data handling concern. Reference needed. | P101: Patient complaint escalated to Operations Manager. Resolution meeting held; outcome agreed with client.
A102: 101 | B102: NB-2025-00101 | C102: 2 | D102: PT-36201 | E102: 1 | F102: 3 | G102: Open | H102: 12 | I102: 2025-03-23 08:47 | L102: 2025-03-24 08:47 | M102: 0 | N102: Email | O102: Patient PT-36201 requesting cancellation of appointment originally booked for 05 Apr 2025.
A103: 102 | B103: NB-2023-00102 | C103: 16 | D103: PT-16157 | E103: 1 | F103: 3 | G103: Resolved | H103: 112 | I103: 2023-12-15 18:47 | J103: 2023-12-15 21:53 | K103: 2023-12-17 06:08 | L103: 2023-12-17 18:47 | M103: 0 | N103: Portal | O103: Patient PT-16157 requesting cancellation of appointment originally booked for 22 Dec 2023. | P103: Appointment moved from afternoon to morning slot. Patient and GP practice both confirmed.
A104: 103 | B104: NB-2023-00103 | C104: 29 | D104: PT-15326 | E104: 3 | F104: 3 | G104: Closed | H104: 40 | I104: 2023-10-28 22:07 | J104: 2023-10-29 05:08 | K104: 2023-10-30 01:07 | L104: 2023-10-31 22:07 | M104: 0 | N104: Phone | O104: Pre-authorisation request for specialist referral. Patient PT-15326. Insurer: Vitality. | P104: Claim status updated to approved. Payment expected within 5–7 working days.
A105: 104 | B105: NB-2025-00104 | C105: 44 | D105: PT-18936 | E105: 5 | F105: 3 | G105: Resolved | H105: 108 | I105: 2025-02-01 09:03 | J105: 2025-02-01 12:59 | K105: 2025-02-02 15:00 | L105: 2025-02-04 09:03 | M105: 0 | N105: Phone | O105: Request for fit-to-work certificate for patient PT-18936. | P105: Fit-to-work certificate issued following confirmation from treating clinician.
A106: 105 | B106: NB-2023-00105 | C106: 66 | D106: PT-99463 | E106: 5 | F106: 3 | G106: Closed | H106: 13 | I106: 2023-01-15 00:13 | J106: 2023-01-15 08:38 | K106: 2023-01-16 19:37 | L106: 2023-01-17 00:13 | M106: 0 | N106: Portal | O106: Request for clinical summary for patient PT-99463. | P106: Insurance medical report completed and submitted to insurer within agreed timeframe.
A107: 106 | B107: NB-2025-00106 | C107: 47 | D107: PT-80513 | E107: 1 | F107: 3 | G107: Open | H107: 11 | I107: 2025-03-09 15:22 | L107: 2025-03-12 15:22 | M107: 0 | N107: Form | O107: Patient PT-80513 requesting addition of appointment originally booked for 10 Mar 2025.
A108: 107 | B108: NB-2023-00107 | C108: 61 | D108: PT-33329 | E108: 2 | F108: 3 | G108: Escalated | H108: 105 | I108: 2023-04-23 08:50 | J108: 2023-04-23 11:25 | L108: 2023-04-26 08:50 | M108: 1 | N108: Portal | O108: Query regarding invoice 19232 dated 04 Apr 2023. Client reports duplicate payment of £1109.
A109: 108 | B109: NB-2023-00108 | C109: 19 | D109: PT-75907 | E109: 1 | F109: 3 | G109: Resolved | H109: 106 | I109: 2023-01-10 11:55 | J109: 2023-01-10 13:14 | K109: 2023-01-13 15:13 | L109: 2023-01-12 11:55 | M109: 1 | N109: Portal | O109: Patient PT-75907 requesting reschedule of appointment originally booked for 15 Jan 2023. | P109: Cancellation processed. New appointment booked for following week per patient request.
A110: 109 | B110: NB-2024-00109 | C110: 78 | D110: PT-11461 | E110: 1 | F110: 3 | G110: Closed | H110: 105 | I110: 2024-04-03 13:35 | J110: 2024-04-04 09:02 | K110: 2024-04-05 04:07 | L110: 2024-04-06 13:35 | M110: 0 | N110: Email | O110: Patient PT-11461 requesting addition of appointment originally booked for 17 Apr 2024. | P110: Appointment rescheduled to patient's preferred date. Confirmation sent via email and SMS.
A111: 110 | B111: NB-2023-00110 | C111: 50 | D111: PT-25023 | E111: 3 | F111: 4 | G111: Closed | H111: 55 | I111: 2023-11-26 06:07 | J111: 2023-11-26 15:58 | K111: 2023-11-28 13:13 | L111: 2023-12-01 06:07 | M111: 0 | N111: Form | O111: Pre-authorisation request for specialist referral. Patient PT-25023. Insurer: Aviva. | P111: Pre-authorisation confirmed with insurer. Reference number provided to client.
A112: 111 | B112: NB-2024-00111 | C112: 48 | D112: PT-53036 | E112: 1 | F112: 3 | G112: Resolved | H112: 14 | I112: 2024-07-09 03:04 | J112: 2024-07-09 05:49 | K112: 2024-07-10 22:43 | L112: 2024-07-12 03:04 | M112: 0 | N112: Portal | O112: Patient PT-53036 requesting addition of appointment originally booked for 20 Jul 2024. | P112: Appointment rescheduled to patient's preferred date. Confirmation sent via email and SMS.
A113: 112 | B113: NB-2024-00112 | C113: 61 | D113: PT-82308 | E113: 3 | F113: 3 | G113: Closed | H113: 52 | I113: 2024-03-06 03:22 | J113: 2024-03-06 18:02 | K113: 2024-03-07 14:49 | L113: 2024-03-09 03:22 | M113: 0 | N113: Email | O113: Pre-authorisation request for physiotherapy course. Patient PT-82308. Insurer: Bupa. | P113: Pre-authorisation confirmed with insurer. Reference number provided to client.
A114: 113 | B114: NB-2024-00113 | C114: 4 | D114: PT-29481 | E114: 5 | F114: 4 | G114: Closed | H114: 106 | I114: 2024-09-21 16:30 | J114: 2024-09-21 21:30 | K114: 2024-09-26 21:23 | L114: 2024-09-24 16:30 | M114: 1 | N114: Phone | O114: Request for fit-to-work certificate for patient PT-29481. | P114: Clinical summary prepared and sent to patient as requested. GDPR consent verified.
A115: 114 | B115: NB-2025-00114 | C115: 25 | D115: PT-96430 | E115: 4 | F115: 3 | G115: Open | H115: 25 | I115: 2025-03-10 00:24 | L115: 2025-03-11 00:24 | M115: 0 | N115: Phone | O115: Formal complaint submitted by patient regarding poor communication. Reference needed.
A116: 115 | B116: NB-2024-00115 | C116: 73 | D116: PT-78337 | E116: 1 | F116: 3 | G116: Closed | H116: 58 | I116: 2024-07-15 12:25 | J116: 2024-07-15 19:32 | K116: 2024-07-17 17:56 | L116: 2024-07-18 12:25 | M116: 0 | N116: Phone | O116: Patient PT-78337 requesting addition of appointment originally booked for 29 Jul 2024. | P116: Appointment moved from afternoon to morning slot. Patient and GP practice both confirmed.
A117: 116 | B117: NB-2025-00116 | C117: 32 | D117: PT-28214 | E117: 2 | F117: 2 | G117: Closed | H117: 49 | I117: 2025-03-13 11:44 | J117: 2025-03-13 14:05 | K117: 2025-03-14 02:31 | L117: 2025-03-14 11:44 | M117: 0 | N117: Phone | O117: Query regarding invoice 40145 dated 10 Mar 2025. Client reports missing credit of £916. | P117: Invoice reviewed and corrected. Credit note issued for £726. Client accounts updated.
A118: 117 | B118: NB-2025-00117 | C118: 17 | D118: PT-85168 | E118: 2 | F118: 2 | G118: Resolved | H118: 96 | I118: 2025-01-18 08:14 | J118: 2025-01-18 11:26 | K118: 2025-01-18 16:05 | L118: 2025-01-19 08:14 | M118: 0 | N118: Phone | O118: Query regarding invoice 27658 dated 28 Dec 2024. Client reports incorrect charge of £2394. | P118: Late payment fee waived as a goodwill gesture following system error. Account adjusted.
A119: 118 | B119: NB-2023-00118 | C119: 41 | D119: PT-86368 | E119: 4 | F119: 3 | G119: Closed | H119: 35 | I119: 2023-05-14 12:56 | J119: 2023-05-14 18:09 | K119: 2023-05-18 09:09 | L119: 2023-05-16 12:56 | M119: 1 | N119: Phone | O119: Formal complaint submitted by patient regarding billing error. Reference needed. | P119: Patient complaint escalated to Operations Manager. Resolution meeting held; outcome agreed with client.
A120: 119 | B120: NB-2024-00119 | C120: 71 | D120: PT-25403 | E120: 1 | F120: 3 | G120: Resolved | H120: 15 | I120: 2024-10-14 11:05 | J120: 2024-10-14 19:24 | K120: 2024-10-18 02:28 | L120: 2024-10-16 11:05 | M120: 1 | N120: Phone | O120: Patient PT-25403 requesting reschedule of appointment originally booked for 22 Oct 2024. | P120: Recurring appointment series updated following consultant schedule change.
A121: 120 | B121: NB-2024-00120 | C121: 54 | D121: PT-40475 | E121: 5 | F121: 3 | G121: Closed | H121: 85 | I121: 2024-06-28 20:15 | J121: 2024-06-29 00:19 | K121: 2024-06-29 07:17 | L121: 2024-06-29 20:15 | M121: 0 | N121: Portal | O121: Request for clinical summary for patient PT-40475. | P121: Medical records compiled and securely transmitted to requesting party within 72 hours.
A122: 121 | B122: NB-2024-00121 | C122: 46 | D122: PT-90200 | E122: 2 | F122: 2 | G122: Closed | H122: 45 | I122: 2024-09-27 10:50 | J122: 2024-09-27 11:45 | K122: 2024-09-27 18:43 | L122: 2024-09-27 22:50 | M122: 0 | N122: Email | O122: Query regarding invoice 62095 dated 02 Sep 2024. Client reports duplicate payment of £1742. | P122: Late payment fee waived as a goodwill gesture following system error. Account adjusted.
A123: 122 | B123: NB-2024-00122 | C123: 50 | D123: PT-23143 | E123: 1 | F123: 3 | G123: Closed | H123: 112 | I123: 2024-09-10 19:21 | J123: 2024-09-10 22:51 | K123: 2024-09-13 12:00 | L123: 2024-09-13 19:21 | M123: 0 | N123: Email | O123: Patient PT-23143 requesting reschedule of appointment originally booked for 19 Sep 2024. | P123: Appointment rescheduled to patient's preferred date. Confirmation sent via email and SMS.
A124: 123 | B124: NB-2023-00123 | C124: 14 | D124: PT-78289 | E124: 2 | F124: 3 | G124: Resolved | H124: 31 | I124: 2023-04-10 21:05 | J124: 2023-04-11 01:20 | K124: 2023-04-16 16:47 | L124: 2023-04-13 21:05 | M124: 1 | N124: Email | O124: Query regarding invoice 88311 dated 08 Apr 2023. Client reports duplicate payment of £2672. | P124: Late payment fee waived as a goodwill gesture following system error. Account adjusted.
A125: 124 | B125: NB-2023-00124 | C125: 73 | D125: PT-62354 | E125: 1 | F125: 3 | G125: Resolved | H125: 104 | I125: 2023-12-27 05:19 | J125: 2023-12-27 07:43 | K125: 2023-12-30 00:08 | L125: 2023-12-30 05:19 | M125: 0 | N125: Email | O125: Patient PT-62354 requesting cancellation of appointment originally booked for 07 Jan 2024. | P125: Urgent appointment arranged within 24 hours following GP referral. Patient notified.
A126: 125 | B126: NB-2023-00125 | C126: 32 | D126: PT-48568 | E126: 1 | F126: 3 | G126: Closed | H126: 78 | I126: 2023-10-30 12:25 | J126: 2023-10-30 16:46 | K126: 2023-10-31 13:18 | L126: 2023-11-02 12:25 | M126: 0 | N126: Form | O126: Patient PT-48568 requesting cancellation of appointment originally booked for 01 Nov 2023. | P126: Appointment moved from afternoon to morning slot. Patient and GP practice both confirmed.
A127: 126 | B127: NB-2023-00126 | C127: 67 | D127: PT-56281 | E127: 5 | F127: 4 | G127: Closed | H127: 32 | I127: 2023-06-30 22:47 | J127: 2023-07-03 04:02 | K127: 2023-07-03 10:39 | L127: 2023-07-05 22:47 | M127: 0 | N127: Email | O127: Request for medical records for patient PT-56281. | P127: Clinical summary prepared and sent to patient as requested. GDPR consent verified.
... A129: 128 | B129: NB-2025-00128 | C129: 46 | D129: PT-46735 | E129: 4 | F129: 2 | G129: Closed | H129: 114 | I129: 2025-02-04 03:46 | J129: 2025-02-04 07:32 | K129: 2025-02-05 08:19 | L129: 2025-02-04 15:46 | M129: 1 | N129: Form | O129: Formal complaint submitted by patient regarding data handling concern. Reference needed. | P129: Patient complaint escalated to Operations Manager. Resolution meeting held; outcome agreed with client.
A130: 129 | B130: NB-2024-00129 | C130: 73 | D130: PT-90318 | E130: 2 | F130: 2 | G130: Pending Client | H130: 38 | I130: 2024-12-16 00:40 | J130: 2024-12-16 03:16 | L130: 2024-12-17 00:40 | M130: 1 | N130: Portal | O130: Query regarding invoice 81901 dated 07 Dec 2024. Client reports duplicate payment of £1153.
A131: 130 | B131: NB-2024-00130 | C131: 53 | D131: PT-45382 | E131: 2 | F131: 2 | G131: Closed | H131: 118 | I131: 2024-07-21 11:05 | J131: 2024-07-21 14:38 | K131: 2024-07-22 06:36 | L131: 2024-07-22 11:05 | M131: 0 | N131: Phone | O131: Query regarding invoice 66651 dated 23 Jun 2024. Client reports disputed amount of £853. | P131: Duplicate charge identified and reversed. Updated invoice sent to client for reconciliation.
A132: 131 | B132: NB-2024-00131 | C132: 73 | D132: PT-38241 | E132: 1 | F132: 4 | G132: Resolved | H132: 119 | I132: 2024-05-05 19:09 | J132: 2024-05-06 21:13 | K132: 2024-05-07 19:30 | L132: 2024-05-10 19:09 | M132: 0 | N132: Phone | O132: Patient PT-38241 requesting cancellation of appointment originally booked for 13 May 2024. | P132: Recurring appointment series updated following consultant schedule change.
A133: 132 | B133: NB-2023-00132 | C133: 29 | D133: PT-90434 | E133: 1 | F133: 2 | G133: Resolved | H133: 116 | I133: 2023-09-29 11:16 | J133: 2023-09-29 14:20 | K133: 2023-09-29 19:39 | L133: 2023-09-30 11:16 | M133: 0 | N133: Email | O133: Patient PT-90434 requesting cancellation of appointment originally booked for 07 Oct 2023. | P133: Cancellation processed. New appointment booked for following week per patient request.
A134: 133 | B134: NB-2024-00133 | C134: 39 | D134: PT-31930 | E134: 1 | F134: 3 | G134: Closed | H134: 33 | I134: 2024-09-06 15:38 | J134: 2024-09-06 20:20 | K134: 2024-09-07 05:39 | L134: 2024-09-07 15:38 | M134: 0 | N134: Form | O134: Patient PT-31930 requesting reschedule of appointment originally booked for 20 Sep 2024. | P134: Appointment moved from afternoon to morning slot. Patient and GP practice both confirmed.
A135: 134 | B135: NB-2023-00134 | C135: 79 | D135: PT-61097 | E135: 1 | F135: 4 | G135: Closed | H135: 3 | I135: 2023-03-25 22:45 | J135: 2023-03-26 13:00 | K135: 2023-03-27 08:39 | L135: 2023-03-29 22:45 | M135: 0 | N135: Portal | O135: Patient PT-61097 requesting cancellation of appointment originally booked for 29 Mar 2023. | P135: Urgent appointment arranged within 24 hours following GP referral. Patient notified.
A136: 135 | B136: NB-2024-00135 | C136: 39 | D136: PT-83922 | E136: 2 | F136: 3 | G136: Closed | H136: 21 | I136: 2024-11-22 09:01 | J136: 2024-11-22 10:20 | K136: 2024-11-23 01:50 | L136: 2024-11-23 09:01 | M136: 0 | N136: Form | O136: Query regarding invoice 93858 dated 01 Nov 2024. Client reports missing credit of £1472. | P136: Billing query resolved following confirmation from insurer. Payment processing initiated.
A137: 136 | B137: NB-2025-00136 | C137: 1 | D137: PT-74478 | E137: 1 | F137: 3 | G137: In Progress | H137: 115 | I137: 2025-03-24 06:38 | J137: 2025-03-24 07:51 | L137: 2025-03-26 06:38 | M137: 0 | N137: Portal | O137: Patient PT-74478 requesting cancellation of appointment originally booked for 29 Mar 2025.
A138: 137 | B138: NB-2024-00137 | C138: 80 | D138: PT-91962 | E138: 2 | F138: 3 | G138: Closed | H138: 49 | I138: 2024-11-10 08:30 | J138: 2024-11-10 14:52 | K138: 2024-11-11 09:41 | L138: 2024-11-13 08:30 | M138: 0 | N138: Email | O138: Query regarding invoice 90375 dated 15 Oct 2024. Client reports missing credit of £1216. | P138: Duplicate charge identified and reversed. Updated invoice sent to client for reconciliation.
A139: 138 | B139: NB-2024-00138 | C139: 63 | D139: PT-23405 | E139: 1 | F139: 3 | G139: Resolved | H139: 109 | I139: 2024-02-28 01:53 | J139: 2024-02-28 04:32 | K139: 2024-02-29 07:55 | L139: 2024-03-02 01:53 | M139: 0 | N139: Phone | O139: Patient PT-23405 requesting cancellation of appointment originally booked for 04 Mar 2024. | P139: Appointment moved from afternoon to morning slot. Patient and GP practice both confirmed.
A140: 139 | B140: NB-2024-00139 | C140: 70 | D140: PT-61435 | E140: 2 | F140: 3 | G140: Resolved | H140: 57 | I140: 2024-07-31 06:41 | J140: 2024-07-31 12:41 | K140: 2024-08-01 16:22 | L140: 2024-08-03 06:41 | M140: 0 | N140: Portal | O140: Query regarding invoice 71623 dated 25 Jul 2024. Client reports duplicate payment of £3496. | P140: Duplicate charge identified and reversed. Updated invoice sent to client for reconciliation.
A141: 140 | B141: NB-2024-00140 | C141: 29 | D141: PT-52344 | E141: 1 | F141: 4 | G141: Closed | H141: 112 | I141: 2024-12-17 05:09 | J141: 2024-12-19 01:35 | K141: 2024-12-19 16:45 | L141: 2024-12-22 05:09 | M141: 0 | N141: Portal | O141: Patient PT-52344 requesting reschedule of appointment originally booked for 28 Dec 2024. | P141: Appointment rescheduled to patient's preferred date. Confirmation sent via email and SMS.
A142: 141 | B142: NB-2024-00141 | C142: 61 | D142: PT-72294 | E142: 5 | F142: 3 | G142: Resolved | H142: 1 | I142: 2024-05-19 10:44 | J142: 2024-05-19 16:55 | K142: 2024-05-20 10:14 | L142: 2024-05-22 10:44 | M142: 0 | N142: Email | O142: Request for fit-to-work certificate for patient PT-72294. | P142: Medical records compiled and securely transmitted to requesting party within 72 hours.
...

Sheet TicketAuditLog
A1: LogID | B1: TicketID | C1: ActionType | D1: ActionByID | E1: ActionAt | F1: PreviousValue | G1: NewValue | H1: Notes
A2: 1 | B2: 1 | C2: Created | D2: 111 | E2: 2024-07-24 23:41 | G2: Open | H2: Ticket created via Phone
A3: 2 | B3: 1 | C3: Assigned | D3: 111 | E3: 2024-07-24 23:55 | F3: Unassigned | G3: Agent 111 | H3: Auto-routed by category specialism match
A4: 3 | B4: 1 | C4: Responded | D4: 111 | E4: 2024-07-25 02:27 | F4: Open | G4: In Progress | H4: Initial response sent to client
A5: 4 | B5: 1 | C5: Status Changed | D5: 111 | E5: 2024-07-25 23:27 | F5: In Progress | G5: In Progress | H5: Pending document verification
A6: 5 | B6: 1 | C6: Resolved | D6: 111 | E6: 2024-07-27 10:35 | F6: In Progress | G6: Resolved | H6: Resolution confirmed. Notes added.
A7: 6 | B7: 1 | C7: Closed | D7: 111 | E7: 2024-07-28 02:35 | F7: Resolved | G7: Closed | H7: Client confirmed satisfaction. Ticket closed.
A8: 7 | B8: 2 | C8: Created | D8: 32 | E8: 2024-11-06 23:45 | G8: Open | H8: Ticket created via Portal
A9: 8 | B9: 2 | C9: Assigned | D9: 32 | E9: 2024-11-07 00:03 | F9: Unassigned | G9: Agent 32 | H9: Auto-routed by category specialism match
A10: 9 | B10: 2 | C10: Responded | D10: 32 | E10: 2024-11-07 01:09 | F10: Open | G10: In Progress | H10: Initial response sent to client
A11: 10 | B11: 2 | C11: Status Changed | D11: 32 | E11: 2024-11-07 12:09 | F11: In Progress | G11: In Progress | H11: Query sent to insurer
A12: 11 | B12: 2 | C12: Resolved | D12: 32 | E12: 2024-11-07 04:44 | F12: In Progress | G12: Resolved | H12: Resolution confirmed. Notes added.
A13: 12 | B13: 2 | C13: Closed | D13: 32 | E13: 2024-11-09 06:44 | F13: Resolved | G13: Closed | H13: Client confirmed satisfaction. Ticket closed.
A14: 13 | B14: 3 | C14: Created | D14: 57 | E14: 2024-08-01 05:39 | G14: Open | H14: Ticket created via Portal
A15: 14 | B15: 3 | C15: Assigned | D15: 57 | E15: 2024-08-01 05:50 | F15: Unassigned | G15: Agent 57 | H15: Auto-routed by category specialism match
A16: 15 | B16: 3 | C16: Responded | D16: 57 | E16: 2024-08-01 09:58 | F16: Open | G16: In Progress | H16: Initial response sent to client
A17: 16 | B17: 3 | C17: Status Changed | D17: 57 | E17: 2024-08-01 22:58 | F17: In Progress | G17: In Progress | H17: Additional information requested
A18: 17 | B18: 3 | C18: Resolved | D18: 57 | E18: 2024-08-02 14:35 | F18: In Progress | G18: Resolved | H18: Resolution confirmed. Notes added.
A19: 18 | B19: 3 | C19: Closed | D19: 57 | E19: 2024-08-04 22:35 | F19: Resolved | G19: Closed | H19: Client confirmed satisfaction. Ticket closed.
A20: 19 | B20: 4 | C20: Created | D20: 22 | E20: 2024-12-03 13:22 | G20: Open | H20: Ticket created via Form
A21: 20 | B21: 4 | C21: Assigned | D21: 22 | E21: 2024-12-03 13:34 | F21: Unassigned | G21: Agent 22 | H21: Auto-routed by category specialism match
A22: 21 | B22: 4 | C22: Responded | D22: 22 | E22: 2024-12-03 14:47 | F22: Open | G22: In Progress | H22: Initial response sent to client
A23: 22 | B23: 4 | C23: Status Changed | D23: 22 | E23: 2024-12-04 13:47 | F23: In Progress | G23: In Progress | H23: Query sent to insurer
A24: 23 | B24: 4 | C24: Resolved | D24: 22 | E24: 2024-12-04 07:32 | F24: In Progress | G24: Resolved | H24: Resolution confirmed. Notes added.
A25: 24 | B25: 4 | C25: Closed | D25: 22 | E25: 2024-12-06 11:32 | F25: Resolved | G25: Closed | H25: Client confirmed satisfaction. Ticket closed.
A26: 25 | B26: 5 | C26: Created | D26: 52 | E26: 2023-02-11 03:56 | G26: Open | H26: Ticket created via Phone
A27: 26 | B27: 5 | C27: Assigned | D27: 52 | E27: 2023-02-11 03:58 | F27: Unassigned | G27: Agent 52 | H27: Auto-routed by category specialism match
A28: 27 | B28: 5 | C28: Responded | D28: 52 | E28: 2023-02-11 06:27 | F28: Open | G28: In Progress | H28: Initial response sent to client
A29: 28 | B29: 5 | C29: Status Changed | D29: 52 | E29: 2023-02-12 02:27 | F29: In Progress | G29: Pending Client | H29: Additional information requested
A30: 29 | B30: 5 | C30: Resolved | D30: 52 | E30: 2023-02-11 12:26 | F30: In Progress | G30: Resolved | H30: Resolution confirmed. Notes added.
A31: 30 | B31: 6 | C31: Created | D31: 104 | E31: 2023-10-11 00:04 | G31: Open | H31: Ticket created via Form
A32: 31 | B32: 6 | C32: Assigned | D32: 104 | E32: 2023-10-11 00:12 | F32: Unassigned | G32: Agent 104 | H32: Auto-routed by category specialism match
A33: 32 | B33: 6 | C33: Responded | D33: 104 | E33: 2023-10-11 04:28 | F33: Open | G33: In Progress | H33: Initial response sent to client
A34: 33 | B34: 6 | C34: Status Changed | D34: 104 | E34: 2023-10-12 00:28 | F34: In Progress | G34: Pending Client | H34: Query sent to insurer
A35: 34 | B35: 6 | C35: Resolved | D35: 104 | E35: 2023-10-11 19:06 | F35: In Progress | G35: Resolved | H35: Resolution confirmed. Notes added.
A36: 35 | B36: 6 | C36: Closed | D36: 104 | E36: 2023-10-12 10:06 | F36: Resolved | G36: Closed | H36: Client confirmed satisfaction. Ticket closed.
A37: 36 | B37: 7 | C37: Created | D37: 107 | E37: 2023-09-24 06:49 | G37: Open | H37: Ticket created via Phone
A38: 37 | B38: 7 | C38: Assigned | D38: 107 | E38: 2023-09-24 07:04 | F38: Unassigned | G38: Agent 107 | H38: Auto-routed by category specialism match
A39: 38 | B39: 7 | C39: Responded | D39: 107 | E39: 2023-09-24 10:14 | F39: Open | G39: In Progress | H39: Initial response sent to client
A40: 39 | B40: 7 | C40: Status Changed | D40: 107 | E40: 2023-09-25 06:14 | F40: In Progress | G40: Pending Client | H40: Additional information requested
A41: 40 | B41: 7 | C41: Resolved | D41: 107 | E41: 2023-09-25 23:20 | F41: In Progress | G41: Resolved | H41: Resolution confirmed. Notes added.
A42: 41 | B42: 7 | C42: Closed | D42: 107 | E42: 2023-09-26 04:20 | F42: Resolved | G42: Closed | H42: Client confirmed satisfaction. Ticket closed.
A43: 42 | B43: 8 | C43: Created | D43: 57 | E43: 2024-04-07 09:08 | G43: Open | H43: Ticket created via Email
A44: 43 | B44: 8 | C44: Assigned | D44: 57 | E44: 2024-04-07 09:23 | F44: Unassigned | G44: Agent 57 | H44: Auto-routed by category specialism match
A45: 44 | B45: 8 | C45: Responded | D45: 57 | E45: 2024-04-07 11:30 | F45: Open | G45: In Progress | H45: Initial response sent to client
A46: 45 | B46: 8 | C46: Status Changed | D46: 57 | E46: 2024-04-07 20:30 | F46: In Progress | G46: Pending Client | H46: Additional information requested
A47: 46 | B47: 8 | C47: Resolved | D47: 57 | E47: 2024-04-08 17:53 | F47: In Progress | G47: Resolved | H47: Resolution confirmed. Notes added.
A48: 47 | B48: 9 | C48: Created | D48: 46 | E48: 2024-03-27 03:53 | G48: Open | H48: Ticket created via Portal
A49: 48 | B49: 9 | C49: Assigned | D49: 46 | E49: 2024-03-27 03:59 | F49: Unassigned | G49: Agent 46 | H49: Auto-routed by category specialism match
A50: 49 | B50: 9 | C50: Responded | D50: 46 | E50: 2024-03-27 14:23 | F50: Open | G50: In Progress | H50: Initial response sent to client
A51: 50 | B51: 9 | C51: Status Changed | D51: 46 | E51: 2024-03-28 02:23 | F51: In Progress | G51: Pending Client | H51: Additional information requested
A52: 51 | B52: 9 | C52: Resolved | D52: 46 | E52: 2024-03-29 13:34 | F52: In Progress | G52: Resolved | H52: Resolution confirmed. Notes added.
A53: 52 | B53: 9 | C53: Closed | D53: 46 | E53: 2024-03-30 23:34 | F53: Resolved | G53: Closed | H53: Client confirmed satisfaction. Ticket closed.
A54: 53 | B54: 10 | C54: Created | D54: 87 | E54: 2024-03-13 09:43 | G54: Open | H54: Ticket created via Phone
A55: 54 | B55: 10 | C55: Assigned | D55: 87 | E55: 2024-03-13 09:47 | F55: Unassigned | G55: Agent 87 | H55: Auto-routed by category specialism match
A56: 55 | B56: 10 | C56: Responded | D56: 87 | E56: 2024-03-13 13:29 | F56: Open | G56: In Progress | H56: Initial response sent to client
A57: 56 | B57: 10 | C57: Resolved | D57: 87 | E57: 2024-03-14 12:12 | F57: In Progress | G57: Resolved | H57: Resolution confirmed. Notes added.
A58: 57 | B58: 10 | C58: Closed | D58: 87 | E58: 2024-03-16 08:12 | F58: Resolved | G58: Closed | H58: Client confirmed satisfaction. Ticket closed.
A59: 58 | B59: 11 | C59: Created | D59: 104 | E59: 2024-03-10 20:44 | G59: Open | H59: Ticket created via Portal
A60: 59 | B60: 11 | C60: Assigned | D60: 104 | E60: 2024-03-10 20:47 | F60: Unassigned | G60: Agent 104 | H60: Auto-routed by category specialism match
A61: 60 | B61: 11 | C61: Responded | D61: 104 | E61: 2024-03-11 03:34 | F61: Open | G61: In Progress | H61: Initial response sent to client
A62: 61 | B62: 11 | C62: Status Changed | D62: 104 | E62: 2024-03-11 06:34 | F62: In Progress | G62: In Progress | H62: Pending document verification
A63: 62 | B63: 11 | C63: Resolved | D63: 104 | E63: 2024-03-11 21:23 | F63: In Progress | G63: Resolved | H63: Resolution confirmed. Notes added.
A64: 63 | B64: 12 | C64: Created | D64: 38 | E64: 2023-08-06 11:24 | G64: Open | H64: Ticket created via Form
A65: 64 | B65: 12 | C65: Assigned | D65: 38 | E65: 2023-08-06 11:28 | F65: Unassigned | G65: Agent 38 | H65: Auto-routed by category specialism match
A66: 65 | B66: 12 | C66: Responded | D66: 38 | E66: 2023-08-06 14:05 | F66: Open | G66: In Progress | H66: Initial response sent to client
A67: 66 | B67: 12 | C67: Resolved | D67: 38 | E67: 2023-08-10 07:08 | F67: In Progress | G67: Resolved | H67: Resolution confirmed. Notes added.
A68: 67 | B68: 13 | C68: Created | D68: 78 | E68: 2023-03-22 02:39 | G68: Open | H68: Ticket created via Phone
A69: 68 | B69: 13 | C69: Assigned | D69: 78 | E69: 2023-03-22 02:51 | F69: Unassigned | G69: Agent 78 | H69: Auto-routed by category specialism match
A70: 69 | B70: 13 | C70: Responded | D70: 78 | E70: 2023-03-22 05:43 | F70: Open | G70: In Progress | H70: Initial response sent to client
A71: 70 | B71: 13 | C71: Resolved | D71: 78 | E71: 2023-03-22 22:16 | F71: In Progress | G71: Resolved | H71: Resolution confirmed. Notes added.
A72: 71 | B72: 13 | C72: Closed | D72: 78 | E72: 2023-03-24 22:16 | F72: Resolved | G72: Closed | H72: Client confirmed satisfaction. Ticket closed.
A73: 72 | B73: 14 | C73: Created | D73: 71 | E73: 2023-08-03 20:05 | G73: Open | H73: Ticket created via Email
A74: 73 | B74: 14 | C74: Assigned | D74: 71 | E74: 2023-08-03 20:24 | F74: Unassigned | G74: Agent 71 | H74: Auto-routed by category specialism match
A75: 74 | B75: 14 | C75: Responded | D75: 71 | E75: 2023-08-04 10:51 | F75: Open | G75: In Progress | H75: Initial response sent to client
A76: 75 | B76: 14 | C76: Status Changed | D76: 71 | E76: 2023-08-04 17:51 | F76: In Progress | G76: Pending Client | H76: Pending document verification
A77: 76 | B77: 14 | C77: Resolved | D77: 71 | E77: 2023-08-05 21:10 | F77: In Progress | G77: Resolved | H77: Resolution confirmed. Notes added.
A78: 77 | B78: 15 | C78: Created | D78: 60 | E78: 2024-05-07 20:08 | G78: Open | H78: Ticket created via Email
A79: 78 | B79: 15 | C79: Assigned | D79: 60 | E79: 2024-05-07 20:11 | F79: Unassigned | G79: Agent 60 | H79: Auto-routed by category specialism match
A80: 79 | B80: 15 | C80: Responded | D80: 60 | E80: 2024-05-07 23:50 | F80: Open | G80: In Progress | H80: Initial response sent to client
A81: 80 | B81: 15 | C81: Resolved | D81: 60 | E81: 2024-05-10 00:25 | F81: In Progress | G81: Resolved | H81: Resolution confirmed. Notes added.
A82: 81 | B82: 15 | C82: Closed | D82: 60 | E82: 2024-05-12 14:25 | F82: Resolved | G82: Closed | H82: Client confirmed satisfaction. Ticket closed.
A83: 82 | B83: 16 | C83: Created | D83: 14 | E83: 2024-02-27 06:46 | G83: Open | H83: Ticket created via Email
A84: 83 | B84: 16 | C84: Assigned | D84: 14 | E84: 2024-02-27 07:04 | F84: Unassigned | G84: Agent 14 | H84: Auto-routed by category specialism match
A85: 84 | B85: 16 | C85: Responded | D85: 14 | E85: 2024-02-27 09:25 | F85: Open | G85: In Progress | H85: Initial response sent to client
A86: 85 | B86: 16 | C86: Resolved | D86: 14 | E86: 2024-03-02 09:56 | F86: In Progress | G86: Resolved | H86: Resolution confirmed. Notes added.
A87: 86 | B87: 16 | C87: Closed | D87: 14 | E87: 2024-03-03 09:56 | F87: Resolved | G87: Closed | H87: Client confirmed satisfaction. Ticket closed.
A88: 87 | B88: 17 | C88: Created | D88: 104 | E88: 2023-04-03 05:44 | G88: Open | H88: Ticket created via Email
A89: 88 | B89: 17 | C89: Assigned | D89: 104 | E89: 2023-04-03 06:04 | F89: Unassigned | G89: Agent 104 | H89: Auto-routed by category specialism match
A90: 89 | B90: 17 | C90: Responded | D90: 104 | E90: 2023-04-03 07:12 | F90: Open | G90: In Progress | H90: Initial response sent to client
A91: 90 | B91: 17 | C91: Status Changed | D91: 104 | E91: 2023-04-03 12:12 | F91: In Progress | G91: Pending Client | H91: Awaiting client confirmation
A92: 91 | B92: 17 | C92: Resolved | D92: 104 | E92: 2023-04-04 10:13 | F92: In Progress | G92: Resolved | H92: Resolution confirmed. Notes added.
A93: 92 | B93: 17 | C93: Closed | D93: 104 | E93: 2023-04-07 08:13 | F93: Resolved | G93: Closed | H93: Client confirmed satisfaction. Ticket closed.
A94: 93 | B94: 18 | C94: Created | D94: 75 | E94: 2025-03-25 20:00 | G94: Open | H94: Ticket created via Form
A95: 94 | B95: 18 | C95: Assigned | D95: 75 | E95: 2025-03-25 20:07 | F95: Unassigned | G95: Agent 75 | H95: Auto-routed by category specialism match
A96: 95 | B96: 19 | C96: Created | D96: 22 | E96: 2023-10-28 09:34 | G96: Open | H96: Ticket created via Phone
A97: 96 | B97: 19 | C97: Assigned | D97: 22 | E97: 2023-10-28 09:50 | F97: Unassigned | G97: Agent 22 | H97: Auto-routed by category specialism match
A98: 97 | B98: 19 | C98: Responded | D98: 22 | E98: 2023-10-28 11:48 | F98: Open | G98: In Progress | H98: Initial response sent to client
A99: 98 | B99: 19 | C99: Status Changed | D99: 22 | E99: 2023-10-29 11:48 | F99: In Progress | G99: In Progress | H99: Awaiting client confirmation
A100: 99 | B100: 19 | C100: Resolved | D100: 22 | E100: 2023-10-29 12:05 | F100: In Progress | G100: Resolved | H100: Resolution confirmed. Notes added.
...

Sheet EscalationLog
A1: EscalationID | B1: TicketID | C1: EscalatedFrom | D1: EscalatedTo | E1: EscalationReason | F1: EscalatedAt | G1: AutomatedFlag
A2: 1 | B2: 39 | C2: 108 | D2: 105 | E2: SLA Risk | F2: 2023-10-10 19:58 | G2: 0
A3: 2 | B3: 107 | C3: 105 | D3: 111 | E3: SLA Risk | F3: 2023-04-25 23:41 | G3: 0
A4: 3 | B4: 129 | C4: 38 | D4: 31 | E4: SLA Risk | F4: 2024-12-17 02:05 | G4: 0
A5: 4 | B5: 275 | C5: 68 | D5: 69 | E5: SLA Risk | F5: 2025-03-16 22:24 | G5: 1
A6: 5 | B6: 321 | C6: 82 | D6: 86 | E6: SLA Risk | F6: 2023-10-09 10:12 | G6: 1
A7: 6 | B7: 380 | C7: 26 | D7: 34 | E7: SLA Risk | F7: 2025-03-11 10:46 | G7: 1
A8: 7 | B8: 389 | C8: 7 | D8: 2 | E8: SLA Risk | F8: 2023-07-12 05:18 | G8: 0
A9: 8 | B9: 486 | C9: 108 | D9: 102 | E9: SLA Risk | F9: 2023-02-17 05:56 | G9: 0
A10: 9 | B10: 546 | C10: 106 | D10: 111 | E10: Complexity | F10: 2023-07-08 16:19 | G10: 0
A11: 10 | B11: 579 | C11: 60 | D11: 69 | E11: SLA Risk | F11: 2024-05-04 05:24 | G11: 1
A12: 11 | B12: 600 | C12: 72 | D12: 88 | E12: SLA Risk | F12: 2024-06-13 05:00 | G12: 0
A13: 12 | B13: 627 | C13: 100 | D13: 102 | E13: Complexity | F13: 2025-03-10 03:21 | G13: 0
... A465: 464 | B465: 1719 | C465: 79 | D465: 76 | E465: SLA Risk | F465: 2023-02-17 12:26 | G465: 0
